name,email,salary
John Smith 0001,employee0001@example.com,3001.37
David Smith 0002,employee0002@example.com,3002.74
Sarah Smith 0003,employee0003@example.com,3004.11
Michael Smith 0004,employee0004@example.com,3005.48
Emily Smith 0005,employee0005@example.com,3006.85
Daniel Smith 0006,employee0006@example.com,3008.22
Sophia Smith 0007,employee0007@example.com,3009.59
James Smith 0008,employee0008@example.com,3010.96
Olivia Smith 0009,employee0009@example.com,3012.33
William Smith 0010,employee0010@example.com,3013.70
John Brown 0011,employee0011@example.com,3015.07
David Brown 0012,employee0012@example.com,3016.44
Sarah Brown 0013,employee0013@example.com,3017.81
Michael Brown 0014,employee0014@example.com,3019.18
Emily Brown 0015,employee0015@example.com,3020.55
Daniel Brown 0016,employee0016@example.com,3021.92
Sophia Brown 0017,employee0017@example.com,3023.29
James Brown 0018,employee0018@example.com,3024.66
Olivia Brown 0019,employee0019@example.com,3026.03
William Brown 0020,employee0020@example.com,3027.40
John Wilson 0021,employee0021@example.com,3028.77
David Wilson 0022,employee0022@example.com,3030.14
Sarah Wilson 0023,employee0023@example.com,3031.51
Michael Wilson 0024,employee0024@example.com,3032.88
Emily Wilson 0025,employee0025@example.com,3034.25
Daniel Wilson 0026,employee0026@example.com,3035.62
Sophia Wilson 0027,employee0027@example.com,3036.99
James Wilson 0028,employee0028@example.com,3038.36
Olivia Wilson 0029,employee0029@example.com,3039.73
William Wilson 0030,employee0030@example.com,3041.10
John Taylor 0031,employee0031@example.com,3042.47
David Taylor 0032,employee0032@example.com,3043.84
Sarah Taylor 0033,employee0033@example.com,3045.21
Michael Taylor 0034,employee0034@example.com,3046.58
Emily Taylor 0035,employee0035@example.com,3047.95
Daniel Taylor 0036,employee0036@example.com,3049.32
Sophia Taylor 0037,employee0037@example.com,3050.69
James Taylor 0038,employee0038@example.com,3052.06
Olivia Taylor 0039,employee0039@example.com,3053.43
William Taylor 0040,employee0040@example.com,3054.80
John Anderson 0041,employee0041@example.com,3056.17
David Anderson 0042,employee0042@example.com,3057.54
Sarah Anderson 0043,employee0043@example.com,3058.91
Michael Anderson 0044,employee0044@example.com,3060.28
Emily Anderson 0045,employee0045@example.com,3061.65
Daniel Anderson 0046,employee0046@example.com,3063.02
Sophia Anderson 0047,employee0047@example.com,3064.39
James Anderson 0048,employee0048@example.com,3065.76
Olivia Anderson 0049,employee0049@example.com,3067.13
William Anderson 0050,employee0050@example.com,3068.50
John Thomas 0051,employee0051@example.com,3069.87
David Thomas 0052,employee0052@example.com,3071.24
Sarah Thomas 0053,employee0053@example.com,3072.61
Michael Thomas 0054,employee0054@example.com,3073.98
Emily Thomas 0055,employee0055@example.com,3075.35
Daniel Thomas 0056,employee0056@example.com,3076.72
Sophia Thomas 0057,employee0057@example.com,3078.09
James Thomas 0058,employee0058@example.com,3079.46
Olivia Thomas 0059,employee0059@example.com,3080.83
William Thomas 0060,employee0060@example.com,3082.20
John Jackson 0061,employee0061@example.com,3083.57
David Jackson 0062,employee0062@example.com,3084.94
Sarah Jackson 0063,employee0063@example.com,3086.31
Michael Jackson 0064,employee0064@example.com,3087.68
Emily Jackson 0065,employee0065@example.com,3089.05
Daniel Jackson 0066,employee0066@example.com,3090.42
Sophia Jackson 0067,employee0067@example.com,3091.79
James Jackson 0068,employee0068@example.com,3093.16
Olivia Jackson 0069,employee0069@example.com,3094.53
William Jackson 0070,employee0070@example.com,3095.90
John White 0071,employee0071@example.com,3097.27
David White 0072,employee0072@example.com,3098.64
Sarah White 0073,employee0073@example.com,3100.01
Michael White 0074,employee0074@example.com,3101.38
Emily White 0075,employee0075@example.com,3102.75
Daniel White 0076,employee0076@example.com,3104.12
Sophia White 0077,employee0077@example.com,3105.49
James White 0078,employee0078@example.com,3106.86
Olivia White 0079,employee0079@example.com,3108.23
William White 0080,employee0080@example.com,3109.60
John Harris 0081,employee0081@example.com,3110.97
David Harris 0082,employee0082@example.com,3112.34
Sarah Harris 0083,employee0083@example.com,3113.71
Michael Harris 0084,employee0084@example.com,3115.08
Emily Harris 0085,employee0085@example.com,3116.45
Daniel Harris 0086,employee0086@example.com,3117.82
Sophia Harris 0087,employee0087@example.com,3119.19
James Harris 0088,employee0088@example.com,3000.55
Olivia Harris 0089,employee0089@example.com,3001.92
William Harris 0090,employee0090@example.com,3003.29
John Martin 0091,employee0091@example.com,3004.66
David Martin 0092,employee0092@example.com,3006.03
Sarah Martin 0093,employee0093@example.com,3007.40
Michael Martin 0094,employee0094@example.com,3008.77
Emily Martin 0095,employee0095@example.com,3010.14
Daniel Martin 0096,employee0096@example.com,3011.51
Sophia Martin 0097,employee0097@example.com,3012.88
James Martin 0098,employee0098@example.com,3014.25
Olivia Martin 0099,employee0099@example.com,3015.62
William Martin 0100,employee0100@example.com,3016.99
John Smith 0101,employee0101@example.com,3018.36
David Smith 0102,employee0102@example.com,3019.73
Sarah Smith 0103,employee0103@example.com,3021.10
Michael Smith 0104,employee0104@example.com,3022.47
Emily Smith 0105,employee0105@example.com,3023.84
Daniel Smith 0106,employee0106@example.com,3025.21
Sophia Smith 0107,employee0107@example.com,3026.58
James Smith 0108,employee0108@example.com,3027.95
Olivia Smith 0109,employee0109@example.com,3029.32
William Smith 0110,employee0110@example.com,3030.69
John Brown 0111,employee0111@example.com,3032.06
David Brown 0112,employee0112@example.com,3033.43
Sarah Brown 0113,employee0113@example.com,3034.80
Michael Brown 0114,employee0114@example.com,3036.17
Emily Brown 0115,employee0115@example.com,3037.54
Daniel Brown 0116,employee0116@example.com,3038.91
Sophia Brown 0117,employee0117@example.com,3040.28
James Brown 0118,employee0118@example.com,3041.65
Olivia Brown 0119,employee0119@example.com,3043.02
William Brown 0120,employee0120@example.com,3044.39
John Wilson 0121,employee0121@example.com,3045.76
David Wilson 0122,employee0122@example.com,3047.13
Sarah Wilson 0123,employee0123@example.com,3048.50
Michael Wilson 0124,employee0124@example.com,3049.87
Emily Wilson 0125,employee0125@example.com,3051.24
Daniel Wilson 0126,employee0126@example.com,3052.61
Sophia Wilson 0127,employee0127@example.com,3053.98
James Wilson 0128,employee0128@example.com,3055.35
Olivia Wilson 0129,employee0129@example.com,3056.72
William Wilson 0130,employee0130@example.com,3058.09
John Taylor 0131,employee0131@example.com,3059.46
David Taylor 0132,employee0132@example.com,3060.83
Sarah Taylor 0133,employee0133@example.com,3062.20
Michael Taylor 0134,employee0134@example.com,3063.57
Emily Taylor 0135,employee0135@example.com,3064.94
Daniel Taylor 0136,employee0136@example.com,3066.31
Sophia Taylor 0137,employee0137@example.com,3067.68
James Taylor 0138,employee0138@example.com,3069.05
Olivia Taylor 0139,employee0139@example.com,3070.42
William Taylor 0140,employee0140@example.com,3071.79
John Anderson 0141,employee0141@example.com,3073.16
David Anderson 0142,employee0142@example.com,3074.53
Sarah Anderson 0143,employee0143@example.com,3075.90
Michael Anderson 0144,employee0144@example.com,3077.27
Emily Anderson 0145,employee0145@example.com,3078.64
Daniel Anderson 0146,employee0146@example.com,3080.01
Sophia Anderson 0147,employee0147@example.com,3081.38
James Anderson 0148,employee0148@example.com,3082.75
Olivia Anderson 0149,employee0149@example.com,3084.12
William Anderson 0150,employee0150@example.com,3085.49
John Thomas 0151,employee0151@example.com,3086.86
David Thomas 0152,employee0152@example.com,3088.23
Sarah Thomas 0153,employee0153@example.com,3089.60
Michael Thomas 0154,employee0154@example.com,3090.97
Emily Thomas 0155,employee0155@example.com,3092.34
Daniel Thomas 0156,employee0156@example.com,3093.71
Sophia Thomas 0157,employee0157@example.com,3095.08
James Thomas 0158,employee0158@example.com,3096.45
Olivia Thomas 0159,employee0159@example.com,3097.82
William Thomas 0160,employee0160@example.com,3099.19
John Jackson 0161,employee0161@example.com,3100.56
David Jackson 0162,employee0162@example.com,3101.93
Sarah Jackson 0163,employee0163@example.com,3103.30
Michael Jackson 0164,employee0164@example.com,3104.67
Emily Jackson 0165,employee0165@example.com,3106.04
Daniel Jackson 0166,employee0166@example.com,3107.41
Sophia Jackson 0167,employee0167@example.com,3108.78
James Jackson 0168,employee0168@example.com,3110.15
Olivia Jackson 0169,employee0169@example.com,3111.52
William Jackson 0170,employee0170@example.com,3112.89
John White 0171,employee0171@example.com,3114.26
David White 0172,employee0172@example.com,3115.63
Sarah White 0173,employee0173@example.com,3117.00
Michael White 0174,employee0174@example.com,3118.37
Emily White 0175,employee0175@example.com,3119.74
Daniel White 0176,employee0176@example.com,3001.10
Sophia White 0177,employee0177@example.com,3002.47
James White 0178,employee0178@example.com,3003.84
Olivia White 0179,employee0179@example.com,3005.21
William White 0180,employee0180@example.com,3006.58
John Harris 0181,employee0181@example.com,3007.95
David Harris 0182,employee0182@example.com,3009.32
Sarah Harris 0183,employee0183@example.com,3010.69
Michael Harris 0184,employee0184@example.com,3012.06
Emily Harris 0185,employee0185@example.com,3013.43
Daniel Harris 0186,employee0186@example.com,3014.80
Sophia Harris 0187,employee0187@example.com,3016.17
James Harris 0188,employee0188@example.com,3017.54
Olivia Harris 0189,employee0189@example.com,3018.91
William Harris 0190,employee0190@example.com,3020.28
John Martin 0191,employee0191@example.com,3021.65
David Martin 0192,employee0192@example.com,3023.02
Sarah Martin 0193,employee0193@example.com,3024.39
Michael Martin 0194,employee0194@example.com,3025.76
Emily Martin 0195,employee0195@example.com,3027.13
Daniel Martin 0196,employee0196@example.com,3028.50
Sophia Martin 0197,employee0197@example.com,3029.87
James Martin 0198,employee0198@example.com,3031.24
Olivia Martin 0199,employee0199@example.com,3032.61
William Martin 0200,employee0200@example.com,3033.98
John Smith 0201,employee0201@example.com,3035.35
David Smith 0202,employee0202@example.com,3036.72
Sarah Smith 0203,employee0203@example.com,3038.09
Michael Smith 0204,employee0204@example.com,3039.46
Emily Smith 0205,employee0205@example.com,3040.83
Daniel Smith 0206,employee0206@example.com,3042.20
Sophia Smith 0207,employee0207@example.com,3043.57
James Smith 0208,employee0208@example.com,3044.94
Olivia Smith 0209,employee0209@example.com,3046.31
William Smith 0210,employee0210@example.com,3047.68
John Brown 0211,employee0211@example.com,3049.05
David Brown 0212,employee0212@example.com,3050.42
Sarah Brown 0213,employee0213@example.com,3051.79
Michael Brown 0214,employee0214@example.com,3053.16
Emily Brown 0215,employee0215@example.com,3054.53
Daniel Brown 0216,employee0216@example.com,3055.90
Sophia Brown 0217,employee0217@example.com,3057.27
James Brown 0218,employee0218@example.com,3058.64
Olivia Brown 0219,employee0219@example.com,3060.01
William Brown 0220,employee0220@example.com,3061.38
John Wilson 0221,employee0221@example.com,3062.75
David Wilson 0222,employee0222@example.com,3064.12
Sarah Wilson 0223,employee0223@example.com,3065.49
Michael Wilson 0224,employee0224@example.com,3066.86
Emily Wilson 0225,employee0225@example.com,3068.23
Daniel Wilson 0226,employee0226@example.com,3069.60
Sophia Wilson 0227,employee0227@example.com,3070.97
James Wilson 0228,employee0228@example.com,3072.34
Olivia Wilson 0229,employee0229@example.com,3073.71
William Wilson 0230,employee0230@example.com,3075.08
John Taylor 0231,employee0231@example.com,3076.45
David Taylor 0232,employee0232@example.com,3077.82
Sarah Taylor 0233,employee0233@example.com,3079.19
Michael Taylor 0234,employee0234@example.com,3080.56
Emily Taylor 0235,employee0235@example.com,3081.93
Daniel Taylor 0236,employee0236@example.com,3083.30
Sophia Taylor 0237,employee0237@example.com,3084.67
James Taylor 0238,employee0238@example.com,3086.04
Olivia Taylor 0239,employee0239@example.com,3087.41
William Taylor 0240,employee0240@example.com,3088.78
John Anderson 0241,employee0241@example.com,3090.15
David Anderson 0242,employee0242@example.com,3091.52
Sarah Anderson 0243,employee0243@example.com,3092.89
Michael Anderson 0244,employee0244@example.com,3094.26
Emily Anderson 0245,employee0245@example.com,3095.63
Daniel Anderson 0246,employee0246@example.com,3097.00
Sophia Anderson 0247,employee0247@example.com,3098.37
James Anderson 0248,employee0248@example.com,3099.74
Olivia Anderson 0249,employee0249@example.com,3101.11
William Anderson 0250,employee0250@example.com,3102.48
John Thomas 0251,employee0251@example.com,3103.85
David Thomas 0252,employee0252@example.com,3105.22
Sarah Thomas 0253,employee0253@example.com,3106.59
Michael Thomas 0254,employee0254@example.com,3107.96
Emily Thomas 0255,employee0255@example.com,3109.33
Daniel Thomas 0256,employee0256@example.com,3110.70
Sophia Thomas 0257,employee0257@example.com,3112.07
James Thomas 0258,employee0258@example.com,3113.44
Olivia Thomas 0259,employee0259@example.com,3114.81
William Thomas 0260,employee0260@example.com,3116.18
John Jackson 0261,employee0261@example.com,3117.55
David Jackson 0262,employee0262@example.com,3118.92
Sarah Jackson 0263,employee0263@example.com,3000.28
Michael Jackson 0264,employee0264@example.com,3001.65
Emily Jackson 0265,employee0265@example.com,3003.02
Daniel Jackson 0266,employee0266@example.com,3004.39
Sophia Jackson 0267,employee0267@example.com,3005.76
James Jackson 0268,employee0268@example.com,3007.13
Olivia Jackson 0269,employee0269@example.com,3008.50
William Jackson 0270,employee0270@example.com,3009.87
John White 0271,employee0271@example.com,3011.24
David White 0272,employee0272@example.com,3012.61
Sarah White 0273,employee0273@example.com,3013.98
Michael White 0274,employee0274@example.com,3015.35
Emily White 0275,employee0275@example.com,3016.72
Daniel White 0276,employee0276@example.com,3018.09
Sophia White 0277,employee0277@example.com,3019.46
James White 0278,employee0278@example.com,3020.83
Olivia White 0279,employee0279@example.com,3022.20
William White 0280,employee0280@example.com,3023.57
John Harris 0281,employee0281@example.com,3024.94
David Harris 0282,employee0282@example.com,3026.31
Sarah Harris 0283,employee0283@example.com,3027.68
Michael Harris 0284,employee0284@example.com,3029.05
Emily Harris 0285,employee0285@example.com,3030.42
Daniel Harris 0286,employee0286@example.com,3031.79
Sophia Harris 0287,employee0287@example.com,3033.16
James Harris 0288,employee0288@example.com,3034.53
Olivia Harris 0289,employee0289@example.com,3035.90
William Harris 0290,employee0290@example.com,3037.27
John Martin 0291,employee0291@example.com,3038.64
David Martin 0292,employee0292@example.com,3040.01
Sarah Martin 0293,employee0293@example.com,3041.38
Michael Martin 0294,employee0294@example.com,3042.75
Emily Martin 0295,employee0295@example.com,3044.12
Daniel Martin 0296,employee0296@example.com,3045.49
Sophia Martin 0297,employee0297@example.com,3046.86
James Martin 0298,employee0298@example.com,3048.23
Olivia Martin 0299,employee0299@example.com,3049.60
William Martin 0300,employee0300@example.com,3050.97
John Smith 0301,employee0301@example.com,3052.34
David Smith 0302,employee0302@example.com,3053.71
Sarah Smith 0303,employee0303@example.com,3055.08
Michael Smith 0304,employee0304@example.com,3056.45
Emily Smith 0305,employee0305@example.com,3057.82
Daniel Smith 0306,employee0306@example.com,3059.19
Sophia Smith 0307,employee0307@example.com,3060.56
James Smith 0308,employee0308@example.com,3061.93
Olivia Smith 0309,employee0309@example.com,3063.30
William Smith 0310,employee0310@example.com,3064.67
John Brown 0311,employee0311@example.com,3066.04
David Brown 0312,employee0312@example.com,3067.41
Sarah Brown 0313,employee0313@example.com,3068.78
Michael Brown 0314,employee0314@example.com,3070.15
Emily Brown 0315,employee0315@example.com,3071.52
Daniel Brown 0316,employee0316@example.com,3072.89
Sophia Brown 0317,employee0317@example.com,3074.26
James Brown 0318,employee0318@example.com,3075.63
Olivia Brown 0319,employee0319@example.com,3077.00
William Brown 0320,employee0320@example.com,3078.37
John Wilson 0321,employee0321@example.com,3079.74
David Wilson 0322,employee0322@example.com,3081.11
Sarah Wilson 0323,employee0323@example.com,3082.48
Michael Wilson 0324,employee0324@example.com,3083.85
Emily Wilson 0325,employee0325@example.com,3085.22
Daniel Wilson 0326,employee0326@example.com,3086.59
Sophia Wilson 0327,employee0327@example.com,3087.96
James Wilson 0328,employee0328@example.com,3089.33
Olivia Wilson 0329,employee0329@example.com,3090.70
William Wilson 0330,employee0330@example.com,3092.07
John Taylor 0331,employee0331@example.com,3093.44
David Taylor 0332,employee0332@example.com,3094.81
Sarah Taylor 0333,employee0333@example.com,3096.18
Michael Taylor 0334,employee0334@example.com,3097.55
Emily Taylor 0335,employee0335@example.com,3098.92
Daniel Taylor 0336,employee0336@example.com,3100.29
Sophia Taylor 0337,employee0337@example.com,3101.66
James Taylor 0338,employee0338@example.com,3103.03
Olivia Taylor 0339,employee0339@example.com,3104.40
William Taylor 0340,employee0340@example.com,3105.77
John Anderson 0341,employee0341@example.com,3107.14
David Anderson 0342,employee0342@example.com,3108.51
Sarah Anderson 0343,employee0343@example.com,3109.88
Michael Anderson 0344,employee0344@example.com,3111.25
Emily Anderson 0345,employee0345@example.com,3112.62
Daniel Anderson 0346,employee0346@example.com,3113.99
Sophia Anderson 0347,employee0347@example.com,3115.36
James Anderson 0348,employee0348@example.com,3116.73
Olivia Anderson 0349,employee0349@example.com,3118.10
William Anderson 0350,employee0350@example.com,3119.47
John Thomas 0351,employee0351@example.com,3000.83
David Thomas 0352,employee0352@example.com,3002.20
Sarah Thomas 0353,employee0353@example.com,3003.57
Michael Thomas 0354,employee0354@example.com,3004.94
Emily Thomas 0355,employee0355@example.com,3006.31
Daniel Thomas 0356,employee0356@example.com,3007.68
Sophia Thomas 0357,employee0357@example.com,3009.05
James Thomas 0358,employee0358@example.com,3010.42
Olivia Thomas 0359,employee0359@example.com,3011.79
William Thomas 0360,employee0360@example.com,3013.16
John Jackson 0361,employee0361@example.com,3014.53
David Jackson 0362,employee0362@example.com,3015.90
Sarah Jackson 0363,employee0363@example.com,3017.27
Michael Jackson 0364,employee0364@example.com,3018.64
Emily Jackson 0365,employee0365@example.com,3020.01
Daniel Jackson 0366,employee0366@example.com,3021.38
Sophia Jackson 0367,employee0367@example.com,3022.75
James Jackson 0368,employee0368@example.com,3024.12
Olivia Jackson 0369,employee0369@example.com,3025.49
William Jackson 0370,employee0370@example.com,3026.86
John White 0371,employee0371@example.com,3028.23
David White 0372,employee0372@example.com,3029.60
Sarah White 0373,employee0373@example.com,3030.97
Michael White 0374,employee0374@example.com,3032.34
Emily White 0375,employee0375@example.com,3033.71
Daniel White 0376,employee0376@example.com,3035.08
Sophia White 0377,employee0377@example.com,3036.45
James White 0378,employee0378@example.com,3037.82
Olivia White 0379,employee0379@example.com,3039.19
William White 0380,employee0380@example.com,3040.56
John Harris 0381,employee0381@example.com,3041.93
David Harris 0382,employee0382@example.com,3043.30
Sarah Harris 0383,employee0383@example.com,3044.67
Michael Harris 0384,employee0384@example.com,3046.04
Emily Harris 0385,employee0385@example.com,3047.41
Daniel Harris 0386,employee0386@example.com,3048.78
Sophia Harris 0387,employee0387@example.com,3050.15
James Harris 0388,employee0388@example.com,3051.52
Olivia Harris 0389,employee0389@example.com,3052.89
William Harris 0390,employee0390@example.com,3054.26
John Martin 0391,employee0391@example.com,3055.63
David Martin 0392,employee0392@example.com,3057.00
Sarah Martin 0393,employee0393@example.com,3058.37
Michael Martin 0394,employee0394@example.com,3059.74
Emily Martin 0395,employee0395@example.com,3061.11
Daniel Martin 0396,employee0396@example.com,3062.48
Sophia Martin 0397,employee0397@example.com,3063.85
James Martin 0398,employee0398@example.com,3065.22
Olivia Martin 0399,employee0399@example.com,3066.59
William Martin 0400,employee0400@example.com,3067.96
John Smith 0401,employee0401@example.com,3069.33
David Smith 0402,employee0402@example.com,3070.70
Sarah Smith 0403,employee0403@example.com,3072.07
Michael Smith 0404,employee0404@example.com,3073.44
Emily Smith 0405,employee0405@example.com,3074.81
Daniel Smith 0406,employee0406@example.com,3076.18
Sophia Smith 0407,employee0407@example.com,3077.55
James Smith 0408,employee0408@example.com,3078.92
Olivia Smith 0409,employee0409@example.com,3080.29
William Smith 0410,employee0410@example.com,3081.66
John Brown 0411,employee0411@example.com,3083.03
David Brown 0412,employee0412@example.com,3084.40
Sarah Brown 0413,employee0413@example.com,3085.77
Michael Brown 0414,employee0414@example.com,3087.14
Emily Brown 0415,employee0415@example.com,3088.51
Daniel Brown 0416,employee0416@example.com,3089.88
Sophia Brown 0417,employee0417@example.com,3091.25
James Brown 0418,employee0418@example.com,3092.62
Olivia Brown 0419,employee0419@example.com,3093.99
William Brown 0420,employee0420@example.com,3095.36
John Wilson 0421,employee0421@example.com,3096.73
David Wilson 0422,employee0422@example.com,3098.10
Sarah Wilson 0423,employee0423@example.com,3099.47
Michael Wilson 0424,employee0424@example.com,3100.84
Emily Wilson 0425,employee0425@example.com,3102.21
Daniel Wilson 0426,employee0426@example.com,3103.58
Sophia Wilson 0427,employee0427@example.com,3104.95
James Wilson 0428,employee0428@example.com,3106.32
Olivia Wilson 0429,employee0429@example.com,3107.69
William Wilson 0430,employee0430@example.com,3109.06
John Taylor 0431,employee0431@example.com,3110.43
David Taylor 0432,employee0432@example.com,3111.80
Sarah Taylor 0433,employee0433@example.com,3113.17
Michael Taylor 0434,employee0434@example.com,3114.54
Emily Taylor 0435,employee0435@example.com,3115.91
Daniel Taylor 0436,employee0436@example.com,3117.28
Sophia Taylor 0437,employee0437@example.com,3118.65
James Taylor 0438,employee0438@example.com,3000.01
Olivia Taylor 0439,employee0439@example.com,3001.38
William Taylor 0440,employee0440@example.com,3002.75
John Anderson 0441,employee0441@example.com,3004.12
David Anderson 0442,employee0442@example.com,3005.49
Sarah Anderson 0443,employee0443@example.com,3006.86
Michael Anderson 0444,employee0444@example.com,3008.23
Emily Anderson 0445,employee0445@example.com,3009.60
Daniel Anderson 0446,employee0446@example.com,3010.97
Sophia Anderson 0447,employee0447@example.com,3012.34
James Anderson 0448,employee0448@example.com,3013.71
Olivia Anderson 0449,employee0449@example.com,3015.08
William Anderson 0450,employee0450@example.com,3016.45
John Thomas 0451,employee0451@example.com,3017.82
David Thomas 0452,employee0452@example.com,3019.19
Sarah Thomas 0453,employee0453@example.com,3020.56
Michael Thomas 0454,employee0454@example.com,3021.93
Emily Thomas 0455,employee0455@example.com,3023.30
Daniel Thomas 0456,employee0456@example.com,3024.67
Sophia Thomas 0457,employee0457@example.com,3026.04
James Thomas 0458,employee0458@example.com,3027.41
Olivia Thomas 0459,employee0459@example.com,3028.78
William Thomas 0460,employee0460@example.com,3030.15
John Jackson 0461,employee0461@example.com,3031.52
David Jackson 0462,employee0462@example.com,3032.89
Sarah Jackson 0463,employee0463@example.com,3034.26
Michael Jackson 0464,employee0464@example.com,3035.63
Emily Jackson 0465,employee0465@example.com,3037.00
Daniel Jackson 0466,employee0466@example.com,3038.37
Sophia Jackson 0467,employee0467@example.com,3039.74
James Jackson 0468,employee0468@example.com,3041.11
Olivia Jackson 0469,employee0469@example.com,3042.48
William Jackson 0470,employee0470@example.com,3043.85
John White 0471,employee0471@example.com,3045.22
David White 0472,employee0472@example.com,3046.59
Sarah White 0473,employee0473@example.com,3047.96
Michael White 0474,employee0474@example.com,3049.33
Emily White 0475,employee0475@example.com,3050.70
Daniel White 0476,employee0476@example.com,3052.07
Sophia White 0477,employee0477@example.com,3053.44
James White 0478,employee0478@example.com,3054.81
Olivia White 0479,employee0479@example.com,3056.18
William White 0480,employee0480@example.com,3057.55
John Harris 0481,employee0481@example.com,3058.92
David Harris 0482,employee0482@example.com,3060.29
Sarah Harris 0483,employee0483@example.com,3061.66
Michael Harris 0484,employee0484@example.com,3063.03
Emily Harris 0485,employee0485@example.com,3064.40
Daniel Harris 0486,employee0486@example.com,3065.77
Sophia Harris 0487,employee0487@example.com,3067.14
James Harris 0488,employee0488@example.com,3068.51
Olivia Harris 0489,employee0489@example.com,3069.88
William Harris 0490,employee0490@example.com,3071.25
John Martin 0491,employee0491@example.com,3072.62
David Martin 0492,employee0492@example.com,3073.99
Sarah Martin 0493,employee0493@example.com,3075.36
Michael Martin 0494,employee0494@example.com,3076.73
Emily Martin 0495,employee0495@example.com,3078.10
Daniel Martin 0496,employee0496@example.com,3079.47
Sophia Martin 0497,employee0497@example.com,3080.84
James Martin 0498,employee0498@example.com,3082.21
Olivia Martin 0499,employee0499@example.com,3083.58
William Martin 0500,employee0500@example.com,3084.95
John Smith 0501,employee0501@example.com,3086.32
David Smith 0502,employee0502@example.com,3087.69
Sarah Smith 0503,employee0503@example.com,3089.06
Michael Smith 0504,employee0504@example.com,3090.43
Emily Smith 0505,employee0505@example.com,3091.80
Daniel Smith 0506,employee0506@example.com,3093.17
Sophia Smith 0507,employee0507@example.com,3094.54
James Smith 0508,employee0508@example.com,3095.91
Olivia Smith 0509,employee0509@example.com,3097.28
William Smith 0510,employee0510@example.com,3098.65
John Brown 0511,employee0511@example.com,3100.02
David Brown 0512,employee0512@example.com,3101.39
Sarah Brown 0513,employee0513@example.com,3102.76
Michael Brown 0514,employee0514@example.com,3104.13
Emily Brown 0515,employee0515@example.com,3105.50
Daniel Brown 0516,employee0516@example.com,3106.87
Sophia Brown 0517,employee0517@example.com,3108.24
James Brown 0518,employee0518@example.com,3109.61
Olivia Brown 0519,employee0519@example.com,3110.98
William Brown 0520,employee0520@example.com,3112.35
John Wilson 0521,employee0521@example.com,3113.72
David Wilson 0522,employee0522@example.com,3115.09
Sarah Wilson 0523,employee0523@example.com,3116.46
Michael Wilson 0524,employee0524@example.com,3117.83
Emily Wilson 0525,employee0525@example.com,3119.20
Daniel Wilson 0526,employee0526@example.com,3000.56
Sophia Wilson 0527,employee0527@example.com,3001.93
James Wilson 0528,employee0528@example.com,3003.30
Olivia Wilson 0529,employee0529@example.com,3004.67
William Wilson 0530,employee0530@example.com,3006.04
John Taylor 0531,employee0531@example.com,3007.41
David Taylor 0532,employee0532@example.com,3008.78
Sarah Taylor 0533,employee0533@example.com,3010.15
Michael Taylor 0534,employee0534@example.com,3011.52
Emily Taylor 0535,employee0535@example.com,3012.89
Daniel Taylor 0536,employee0536@example.com,3014.26
Sophia Taylor 0537,employee0537@example.com,3015.63
James Taylor 0538,employee0538@example.com,3017.00
Olivia Taylor 0539,employee0539@example.com,3018.37
William Taylor 0540,employee0540@example.com,3019.74
John Anderson 0541,employee0541@example.com,3021.11
David Anderson 0542,employee0542@example.com,3022.48
Sarah Anderson 0543,employee0543@example.com,3023.85
Michael Anderson 0544,employee0544@example.com,3025.22
Emily Anderson 0545,employee0545@example.com,3026.59
Daniel Anderson 0546,employee0546@example.com,3027.96
Sophia Anderson 0547,employee0547@example.com,3029.33
James Anderson 0548,employee0548@example.com,3030.70
Olivia Anderson 0549,employee0549@example.com,3032.07
William Anderson 0550,employee0550@example.com,3033.44
John Thomas 0551,employee0551@example.com,3034.81
David Thomas 0552,employee0552@example.com,3036.18
Sarah Thomas 0553,employee0553@example.com,3037.55
Michael Thomas 0554,employee0554@example.com,3038.92
Emily Thomas 0555,employee0555@example.com,3040.29
Daniel Thomas 0556,employee0556@example.com,3041.66
Sophia Thomas 0557,employee0557@example.com,3043.03
James Thomas 0558,employee0558@example.com,3044.40
Olivia Thomas 0559,employee0559@example.com,3045.77
William Thomas 0560,employee0560@example.com,3047.14
John Jackson 0561,employee0561@example.com,3048.51
David Jackson 0562,employee0562@example.com,3049.88
Sarah Jackson 0563,employee0563@example.com,3051.25
Michael Jackson 0564,employee0564@example.com,3052.62
Emily Jackson 0565,employee0565@example.com,3053.99
Daniel Jackson 0566,employee0566@example.com,3055.36
Sophia Jackson 0567,employee0567@example.com,3056.73
James Jackson 0568,employee0568@example.com,3058.10
Olivia Jackson 0569,employee0569@example.com,3059.47
William Jackson 0570,employee0570@example.com,3060.84
John White 0571,employee0571@example.com,3062.21
David White 0572,employee0572@example.com,3063.58
Sarah White 0573,employee0573@example.com,3064.95
Michael White 0574,employee0574@example.com,3066.32
Emily White 0575,employee0575@example.com,3067.69
Daniel White 0576,employee0576@example.com,3069.06
Sophia White 0577,employee0577@example.com,3070.43
James White 0578,employee0578@example.com,3071.80
Olivia White 0579,employee0579@example.com,3073.17
William White 0580,employee0580@example.com,3074.54
John Harris 0581,employee0581@example.com,3075.91
David Harris 0582,employee0582@example.com,3077.28
Sarah Harris 0583,employee0583@example.com,3078.65
Michael Harris 0584,employee0584@example.com,3080.02
Emily Harris 0585,employee0585@example.com,3081.39
Daniel Harris 0586,employee0586@example.com,3082.76
Sophia Harris 0587,employee0587@example.com,3084.13
James Harris 0588,employee0588@example.com,3085.50
Olivia Harris 0589,employee0589@example.com,3086.87
William Harris 0590,employee0590@example.com,3088.24
John Martin 0591,employee0591@example.com,3089.61
David Martin 0592,employee0592@example.com,3090.98
Sarah Martin 0593,employee0593@example.com,3092.35
Michael Martin 0594,employee0594@example.com,3093.72
Emily Martin 0595,employee0595@example.com,3095.09
Daniel Martin 0596,employee0596@example.com,3096.46
Sophia Martin 0597,employee0597@example.com,3097.83
James Martin 0598,employee0598@example.com,3099.20
Olivia Martin 0599,employee0599@example.com,3100.57
William Martin 0600,employee0600@example.com,3101.94
John Smith 0601,employee0601@example.com,3103.31
David Smith 0602,employee0602@example.com,3104.68
Sarah Smith 0603,employee0603@example.com,3106.05
Michael Smith 0604,employee0604@example.com,3107.42
Emily Smith 0605,employee0605@example.com,3108.79
Daniel Smith 0606,employee0606@example.com,3110.16
Sophia Smith 0607,employee0607@example.com,3111.53
James Smith 0608,employee0608@example.com,3112.90
Olivia Smith 0609,employee0609@example.com,3114.27
William Smith 0610,employee0610@example.com,3115.64
John Brown 0611,employee0611@example.com,3117.01
David Brown 0612,employee0612@example.com,3118.38
Sarah Brown 0613,employee0613@example.com,3119.75
Michael Brown 0614,employee0614@example.com,3001.11
Emily Brown 0615,employee0615@example.com,3002.48
Daniel Brown 0616,employee0616@example.com,3003.85
Sophia Brown 0617,employee0617@example.com,3005.22
James Brown 0618,employee0618@example.com,3006.59
Olivia Brown 0619,employee0619@example.com,3007.96
William Brown 0620,employee0620@example.com,3009.33
John Wilson 0621,employee0621@example.com,3010.70
David Wilson 0622,employee0622@example.com,3012.07
Sarah Wilson 0623,employee0623@example.com,3013.44
Michael Wilson 0624,employee0624@example.com,3014.81
Emily Wilson 0625,employee0625@example.com,3016.18
Daniel Wilson 0626,employee0626@example.com,3017.55
Sophia Wilson 0627,employee0627@example.com,3018.92
James Wilson 0628,employee0628@example.com,3020.29
Olivia Wilson 0629,employee0629@example.com,3021.66
William Wilson 0630,employee0630@example.com,3023.03
John Taylor 0631,employee0631@example.com,3024.40
David Taylor 0632,employee0632@example.com,3025.77
Sarah Taylor 0633,employee0633@example.com,3027.14
Michael Taylor 0634,employee0634@example.com,3028.51
Emily Taylor 0635,employee0635@example.com,3029.88
Daniel Taylor 0636,employee0636@example.com,3031.25
Sophia Taylor 0637,employee0637@example.com,3032.62
James Taylor 0638,employee0638@example.com,3033.99
Olivia Taylor 0639,employee0639@example.com,3035.36
William Taylor 0640,employee0640@example.com,3036.73
John Anderson 0641,employee0641@example.com,3038.10
David Anderson 0642,employee0642@example.com,3039.47
Sarah Anderson 0643,employee0643@example.com,3040.84
Michael Anderson 0644,employee0644@example.com,3042.21
Emily Anderson 0645,employee0645@example.com,3043.58
Daniel Anderson 0646,employee0646@example.com,3044.95
Sophia Anderson 0647,employee0647@example.com,3046.32
James Anderson 0648,employee0648@example.com,3047.69
Olivia Anderson 0649,employee0649@example.com,3049.06
William Anderson 0650,employee0650@example.com,3050.43
John Thomas 0651,employee0651@example.com,3051.80
David Thomas 0652,employee0652@example.com,3053.17
Sarah Thomas 0653,employee0653@example.com,3054.54
Michael Thomas 0654,employee0654@example.com,3055.91
Emily Thomas 0655,employee0655@example.com,3057.28
Daniel Thomas 0656,employee0656@example.com,3058.65
Sophia Thomas 0657,employee0657@example.com,3060.02
James Thomas 0658,employee0658@example.com,3061.39
Olivia Thomas 0659,employee0659@example.com,3062.76
William Thomas 0660,employee0660@example.com,3064.13
John Jackson 0661,employee0661@example.com,3065.50
David Jackson 0662,employee0662@example.com,3066.87
Sarah Jackson 0663,employee0663@example.com,3068.24
Michael Jackson 0664,employee0664@example.com,3069.61
Emily Jackson 0665,employee0665@example.com,3070.98
Daniel Jackson 0666,employee0666@example.com,3072.35
Sophia Jackson 0667,employee0667@example.com,3073.72
James Jackson 0668,employee0668@example.com,3075.09
Olivia Jackson 0669,employee0669@example.com,3076.46
William Jackson 0670,employee0670@example.com,3077.83
John White 0671,employee0671@example.com,3079.20
David White 0672,employee0672@example.com,3080.57
Sarah White 0673,employee0673@example.com,3081.94
Michael White 0674,employee0674@example.com,3083.31
Emily White 0675,employee0675@example.com,3084.68
Daniel White 0676,employee0676@example.com,3086.05
Sophia White 0677,employee0677@example.com,3087.42
James White 0678,employee0678@example.com,3088.79
Olivia White 0679,employee0679@example.com,3090.16
William White 0680,employee0680@example.com,3091.53
John Harris 0681,employee0681@example.com,3092.90
David Harris 0682,employee0682@example.com,3094.27
Sarah Harris 0683,employee0683@example.com,3095.64
Michael Harris 0684,employee0684@example.com,3097.01
Emily Harris 0685,employee0685@example.com,3098.38
Daniel Harris 0686,employee0686@example.com,3099.75
Sophia Harris 0687,employee0687@example.com,3101.12
James Harris 0688,employee0688@example.com,3102.49
Olivia Harris 0689,employee0689@example.com,3103.86
William Harris 0690,employee0690@example.com,3105.23
John Martin 0691,employee0691@example.com,3106.60
David Martin 0692,employee0692@example.com,3107.97
Sarah Martin 0693,employee0693@example.com,3109.34
Michael Martin 0694,employee0694@example.com,3110.71
Emily Martin 0695,employee0695@example.com,3112.08
Daniel Martin 0696,employee0696@example.com,3113.45
Sophia Martin 0697,employee0697@example.com,3114.82
James Martin 0698,employee0698@example.com,3116.19
Olivia Martin 0699,employee0699@example.com,3117.56
William Martin 0700,employee0700@example.com,3118.93
John Smith 0701,employee0701@example.com,3000.29
David Smith 0702,employee0702@example.com,3001.66
Sarah Smith 0703,employee0703@example.com,3003.03
Michael Smith 0704,employee0704@example.com,3004.40
Emily Smith 0705,employee0705@example.com,3005.77
Daniel Smith 0706,employee0706@example.com,3007.14
Sophia Smith 0707,employee0707@example.com,3008.51
James Smith 0708,employee0708@example.com,3009.88
Olivia Smith 0709,employee0709@example.com,3011.25
William Smith 0710,employee0710@example.com,3012.62
John Brown 0711,employee0711@example.com,3013.99
David Brown 0712,employee0712@example.com,3015.36
Sarah Brown 0713,employee0713@example.com,3016.73
Michael Brown 0714,employee0714@example.com,3018.10
Emily Brown 0715,employee0715@example.com,3019.47
Daniel Brown 0716,employee0716@example.com,3020.84
Sophia Brown 0717,employee0717@example.com,3022.21
James Brown 0718,employee0718@example.com,3023.58
Olivia Brown 0719,employee0719@example.com,3024.95
William Brown 0720,employee0720@example.com,3026.32
John Wilson 0721,employee0721@example.com,3027.69
David Wilson 0722,employee0722@example.com,3029.06
Sarah Wilson 0723,employee0723@example.com,3030.43
Michael Wilson 0724,employee0724@example.com,3031.80
Emily Wilson 0725,employee0725@example.com,3033.17
Daniel Wilson 0726,employee0726@example.com,3034.54
Sophia Wilson 0727,employee0727@example.com,3035.91
James Wilson 0728,employee0728@example.com,3037.28
Olivia Wilson 0729,employee0729@example.com,3038.65
William Wilson 0730,employee0730@example.com,3040.02
John Taylor 0731,employee0731@example.com,3041.39
David Taylor 0732,employee0732@example.com,3042.76
Sarah Taylor 0733,employee0733@example.com,3044.13
Michael Taylor 0734,employee0734@example.com,3045.50
Emily Taylor 0735,employee0735@example.com,3046.87
Daniel Taylor 0736,employee0736@example.com,3048.24
Sophia Taylor 0737,employee0737@example.com,3049.61
James Taylor 0738,employee0738@example.com,3050.98
Olivia Taylor 0739,employee0739@example.com,3052.35
William Taylor 0740,employee0740@example.com,3053.72
John Anderson 0741,employee0741@example.com,3055.09
David Anderson 0742,employee0742@example.com,3056.46
Sarah Anderson 0743,employee0743@example.com,3057.83
Michael Anderson 0744,employee0744@example.com,3059.20
Emily Anderson 0745,employee0745@example.com,3060.57
Daniel Anderson 0746,employee0746@example.com,3061.94
Sophia Anderson 0747,employee0747@example.com,3063.31
James Anderson 0748,employee0748@example.com,3064.68
Olivia Anderson 0749,employee0749@example.com,3066.05
William Anderson 0750,employee0750@example.com,3067.42
John Thomas 0751,employee0751@example.com,3068.79
David Thomas 0752,employee0752@example.com,3070.16
Sarah Thomas 0753,employee0753@example.com,3071.53
Michael Thomas 0754,employee0754@example.com,3072.90
Emily Thomas 0755,employee0755@example.com,3074.27
Daniel Thomas 0756,employee0756@example.com,3075.64
Sophia Thomas 0757,employee0757@example.com,3077.01
James Thomas 0758,employee0758@example.com,3078.38
Olivia Thomas 0759,employee0759@example.com,3079.75
William Thomas 0760,employee0760@example.com,3081.12
John Jackson 0761,employee0761@example.com,3082.49
David Jackson 0762,employee0762@example.com,3083.86
Sarah Jackson 0763,employee0763@example.com,3085.23
Michael Jackson 0764,employee0764@example.com,3086.60
Emily Jackson 0765,employee0765@example.com,3087.97
Daniel Jackson 0766,employee0766@example.com,3089.34
Sophia Jackson 0767,employee0767@example.com,3090.71
James Jackson 0768,employee0768@example.com,3092.08
Olivia Jackson 0769,employee0769@example.com,3093.45
William Jackson 0770,employee0770@example.com,3094.82
John White 0771,employee0771@example.com,3096.19
David White 0772,employee0772@example.com,3097.56
Sarah White 0773,employee0773@example.com,3098.93
Michael White 0774,employee0774@example.com,3100.30
Emily White 0775,employee0775@example.com,3101.67
Daniel White 0776,employee0776@example.com,3103.04
Sophia White 0777,employee0777@example.com,3104.41
James White 0778,employee0778@example.com,3105.78
Olivia White 0779,employee0779@example.com,3107.15
William White 0780,employee0780@example.com,3108.52
John Harris 0781,employee0781@example.com,3109.89
David Harris 0782,employee0782@example.com,3111.26
Sarah Harris 0783,employee0783@example.com,3112.63
Michael Harris 0784,employee0784@example.com,3114.00
Emily Harris 0785,employee0785@example.com,3115.37
Daniel Harris 0786,employee0786@example.com,3116.74
Sophia Harris 0787,employee0787@example.com,3118.11
James Harris 0788,employee0788@example.com,3119.48
Olivia Harris 0789,employee0789@example.com,3000.84
William Harris 0790,employee0790@example.com,3002.21
John Martin 0791,employee0791@example.com,3003.58
David Martin 0792,employee0792@example.com,3004.95
Sarah Martin 0793,employee0793@example.com,3006.32
Michael Martin 0794,employee0794@example.com,3007.69
Emily Martin 0795,employee0795@example.com,3009.06
Daniel Martin 0796,employee0796@example.com,3010.43
Sophia Martin 0797,employee0797@example.com,3011.80
James Martin 0798,employee0798@example.com,3013.17
Olivia Martin 0799,employee0799@example.com,3014.54
William Martin 0800,employee0800@example.com,3015.91
John Smith 0801,employee0801@example.com,3017.28
David Smith 0802,employee0802@example.com,3018.65
Sarah Smith 0803,employee0803@example.com,3020.02
Michael Smith 0804,employee0804@example.com,3021.39
Emily Smith 0805,employee0805@example.com,3022.76
Daniel Smith 0806,employee0806@example.com,3024.13
Sophia Smith 0807,employee0807@example.com,3025.50
James Smith 0808,employee0808@example.com,3026.87
Olivia Smith 0809,employee0809@example.com,3028.24
William Smith 0810,employee0810@example.com,3029.61
John Brown 0811,employee0811@example.com,3030.98
David Brown 0812,employee0812@example.com,3032.35
Sarah Brown 0813,employee0813@example.com,3033.72
Michael Brown 0814,employee0814@example.com,3035.09
Emily Brown 0815,employee0815@example.com,3036.46
Daniel Brown 0816,employee0816@example.com,3037.83
Sophia Brown 0817,employee0817@example.com,3039.20
James Brown 0818,employee0818@example.com,3040.57
Olivia Brown 0819,employee0819@example.com,3041.94
William Brown 0820,employee0820@example.com,3043.31
John Wilson 0821,employee0821@example.com,3044.68
David Wilson 0822,employee0822@example.com,3046.05
Sarah Wilson 0823,employee0823@example.com,3047.42
Michael Wilson 0824,employee0824@example.com,3048.79
Emily Wilson 0825,employee0825@example.com,3050.16
Daniel Wilson 0826,employee0826@example.com,3051.53
Sophia Wilson 0827,employee0827@example.com,3052.90
James Wilson 0828,employee0828@example.com,3054.27
Olivia Wilson 0829,employee0829@example.com,3055.64
William Wilson 0830,employee0830@example.com,3057.01
John Taylor 0831,employee0831@example.com,3058.38
David Taylor 0832,employee0832@example.com,3059.75
Sarah Taylor 0833,employee0833@example.com,3061.12
Michael Taylor 0834,employee0834@example.com,3062.49
Emily Taylor 0835,employee0835@example.com,3063.86
Daniel Taylor 0836,employee0836@example.com,3065.23
Sophia Taylor 0837,employee0837@example.com,3066.60
James Taylor 0838,employee0838@example.com,3067.97
Olivia Taylor 0839,employee0839@example.com,3069.34
William Taylor 0840,employee0840@example.com,3070.71
John Anderson 0841,employee0841@example.com,3072.08
David Anderson 0842,employee0842@example.com,3073.45
Sarah Anderson 0843,employee0843@example.com,3074.82
Michael Anderson 0844,employee0844@example.com,3076.19
Emily Anderson 0845,employee0845@example.com,3077.56
Daniel Anderson 0846,employee0846@example.com,3078.93
Sophia Anderson 0847,employee0847@example.com,3080.30
James Anderson 0848,employee0848@example.com,3081.67
Olivia Anderson 0849,employee0849@example.com,3083.04
William Anderson 0850,employee0850@example.com,3084.41
John Thomas 0851,employee0851@example.com,3085.78
David Thomas 0852,employee0852@example.com,3087.15
Sarah Thomas 0853,employee0853@example.com,3088.52
Michael Thomas 0854,employee0854@example.com,3089.89
Emily Thomas 0855,employee0855@example.com,3091.26
Daniel Thomas 0856,employee0856@example.com,3092.63
Sophia Thomas 0857,employee0857@example.com,3094.00
James Thomas 0858,employee0858@example.com,3095.37
Olivia Thomas 0859,employee0859@example.com,3096.74
William Thomas 0860,employee0860@example.com,3098.11
John Jackson 0861,employee0861@example.com,3099.48
David Jackson 0862,employee0862@example.com,3100.85
Sarah Jackson 0863,employee0863@example.com,3102.22
Michael Jackson 0864,employee0864@example.com,3103.59
Emily Jackson 0865,employee0865@example.com,3104.96
Daniel Jackson 0866,employee0866@example.com,3106.33
Sophia Jackson 0867,employee0867@example.com,3107.70
James Jackson 0868,employee0868@example.com,3109.07
Olivia Jackson 0869,employee0869@example.com,3110.44
William Jackson 0870,employee0870@example.com,3111.81
John White 0871,employee0871@example.com,3113.18
David White 0872,employee0872@example.com,3114.55
Sarah White 0873,employee0873@example.com,3115.92
Michael White 0874,employee0874@example.com,3117.29
Emily White 0875,employee0875@example.com,3118.66
Daniel White 0876,employee0876@example.com,3000.02
Sophia White 0877,employee0877@example.com,3001.39
James White 0878,employee0878@example.com,3002.76
Olivia White 0879,employee0879@example.com,3004.13
William White 0880,employee0880@example.com,3005.50
John Harris 0881,employee0881@example.com,3006.87
David Harris 0882,employee0882@example.com,3008.24
Sarah Harris 0883,employee0883@example.com,3009.61
Michael Harris 0884,employee0884@example.com,3010.98
Emily Harris 0885,employee0885@example.com,3012.35
Daniel Harris 0886,employee0886@example.com,3013.72
Sophia Harris 0887,employee0887@example.com,3015.09
James Harris 0888,employee0888@example.com,3016.46
Olivia Harris 0889,employee0889@example.com,3017.83
William Harris 0890,employee0890@example.com,3019.20
John Martin 0891,employee0891@example.com,3020.57
David Martin 0892,employee0892@example.com,3021.94
Sarah Martin 0893,employee0893@example.com,3023.31
Michael Martin 0894,employee0894@example.com,3024.68
Emily Martin 0895,employee0895@example.com,3026.05
Daniel Martin 0896,employee0896@example.com,3027.42
Sophia Martin 0897,employee0897@example.com,3028.79
James Martin 0898,employee0898@example.com,3030.16
Olivia Martin 0899,employee0899@example.com,3031.53
William Martin 0900,employee0900@example.com,3032.90
John Smith 0901,employee0901@example.com,3034.27
David Smith 0902,employee0902@example.com,3035.64
Sarah Smith 0903,employee0903@example.com,3037.01
Michael Smith 0904,employee0904@example.com,3038.38
Emily Smith 0905,employee0905@example.com,3039.75
Daniel Smith 0906,employee0906@example.com,3041.12
Sophia Smith 0907,employee0907@example.com,3042.49
James Smith 0908,employee0908@example.com,3043.86
Olivia Smith 0909,employee0909@example.com,3045.23
William Smith 0910,employee0910@example.com,3046.60
John Brown 0911,employee0911@example.com,3047.97
David Brown 0912,employee0912@example.com,3049.34
Sarah Brown 0913,employee0913@example.com,3050.71
Michael Brown 0914,employee0914@example.com,3052.08
Emily Brown 0915,employee0915@example.com,3053.45
Daniel Brown 0916,employee0916@example.com,3054.82
Sophia Brown 0917,employee0917@example.com,3056.19
James Brown 0918,employee0918@example.com,3057.56
Olivia Brown 0919,employee0919@example.com,3058.93
William Brown 0920,employee0920@example.com,3060.30
John Wilson 0921,employee0921@example.com,3061.67
David Wilson 0922,employee0922@example.com,3063.04
Sarah Wilson 0923,employee0923@example.com,3064.41
Michael Wilson 0924,employee0924@example.com,3065.78
Emily Wilson 0925,employee0925@example.com,3067.15
Daniel Wilson 0926,employee0926@example.com,3068.52
Sophia Wilson 0927,employee0927@example.com,3069.89
James Wilson 0928,employee0928@example.com,3071.26
Olivia Wilson 0929,employee0929@example.com,3072.63
William Wilson 0930,employee0930@example.com,3074.00
John Taylor 0931,employee0931@example.com,3075.37
David Taylor 0932,employee0932@example.com,3076.74
Sarah Taylor 0933,employee0933@example.com,3078.11
Michael Taylor 0934,employee0934@example.com,3079.48
Emily Taylor 0935,employee0935@example.com,3080.85
Daniel Taylor 0936,employee0936@example.com,3082.22
Sophia Taylor 0937,employee0937@example.com,3083.59
James Taylor 0938,employee0938@example.com,3084.96
Olivia Taylor 0939,employee0939@example.com,3086.33
William Taylor 0940,employee0940@example.com,3087.70
John Anderson 0941,employee0941@example.com,3089.07
David Anderson 0942,employee0942@example.com,3090.44
Sarah Anderson 0943,employee0943@example.com,3091.81
Michael Anderson 0944,employee0944@example.com,3093.18
Emily Anderson 0945,employee0945@example.com,3094.55
Daniel Anderson 0946,employee0946@example.com,3095.92
Sophia Anderson 0947,employee0947@example.com,3097.29
James Anderson 0948,employee0948@example.com,3098.66
Olivia Anderson 0949,employee0949@example.com,3100.03
William Anderson 0950,employee0950@example.com,3101.40
John Thomas 0951,employee0951@example.com,3102.77
David Thomas 0952,employee0952@example.com,3104.14
Sarah Thomas 0953,employee0953@example.com,3105.51
Michael Thomas 0954,employee0954@example.com,3106.88
Emily Thomas 0955,employee0955@example.com,3108.25
Daniel Thomas 0956,employee0956@example.com,3109.62
Sophia Thomas 0957,employee0957@example.com,3110.99
James Thomas 0958,employee0958@example.com,3112.36
Olivia Thomas 0959,employee0959@example.com,3113.73
William Thomas 0960,employee0960@example.com,3115.10
John Jackson 0961,employee0961@example.com,3116.47
David Jackson 0962,employee0962@example.com,3117.84
Sarah Jackson 0963,employee0963@example.com,3119.21
Michael Jackson 0964,employee0964@example.com,3000.57
Emily Jackson 0965,employee0965@example.com,3001.94
Daniel Jackson 0966,employee0966@example.com,3003.31
Sophia Jackson 0967,employee0967@example.com,3004.68
James Jackson 0968,employee0968@example.com,3006.05
Olivia Jackson 0969,employee0969@example.com,3007.42
William Jackson 0970,employee0970@example.com,3008.79
John White 0971,employee0971@example.com,3010.16
David White 0972,employee0972@example.com,3011.53
Sarah White 0973,employee0973@example.com,3012.90
Michael White 0974,employee0974@example.com,3014.27
Emily White 0975,employee0975@example.com,3015.64
Daniel White 0976,employee0976@example.com,3017.01
Sophia White 0977,employee0977@example.com,3018.38
James White 0978,employee0978@example.com,3019.75
Olivia White 0979,employee0979@example.com,3021.12
William White 0980,employee0980@example.com,3022.49
John Harris 0981,employee0981@example.com,3023.86
David Harris 0982,employee0982@example.com,3025.23
Sarah Harris 0983,employee0983@example.com,3026.60
Michael Harris 0984,employee0984@example.com,3027.97
Emily Harris 0985,employee0985@example.com,3029.34
Daniel Harris 0986,employee0986@example.com,3030.71
Sophia Harris 0987,employee0987@example.com,3032.08
James Harris 0988,employee0988@example.com,3033.45
Olivia Harris 0989,employee0989@example.com,3034.82
William Harris 0990,employee0990@example.com,3036.19
John Martin 0991,employee0991@example.com,3037.56
David Martin 0992,employee0992@example.com,3038.93
Sarah Martin 0993,employee0993@example.com,3040.30
Michael Martin 0994,employee0994@example.com,3041.67
Emily Martin 0995,employee0995@example.com,3043.04
Daniel Martin 0996,employee0996@example.com,3044.41
Sophia Martin 0997,employee0997@example.com,3045.78
James Martin 0998,employee0998@example.com,3047.15
Olivia Martin 0999,employee0999@example.com,3048.52
William Martin 1000,employee1000@example.com,3049.89
John Smith 1001,employee1001@example.com,3051.26
David Smith 1002,employee1002@example.com,3052.63
Sarah Smith 1003,employee1003@example.com,3054.00
Michael Smith 1004,employee1004@example.com,3055.37
Emily Smith 1005,employee1005@example.com,3056.74
Daniel Smith 1006,employee1006@example.com,3058.11
Sophia Smith 1007,employee1007@example.com,3059.48
James Smith 1008,employee1008@example.com,3060.85
Olivia Smith 1009,employee1009@example.com,3062.22
William Smith 1010,employee1010@example.com,3063.59
John Brown 1011,employee1011@example.com,3064.96
David Brown 1012,employee1012@example.com,3066.33
Sarah Brown 1013,employee1013@example.com,3067.70
Michael Brown 1014,employee1014@example.com,3069.07
Emily Brown 1015,employee1015@example.com,3070.44
Daniel Brown 1016,employee1016@example.com,3071.81
Sophia Brown 1017,employee1017@example.com,3073.18
James Brown 1018,employee1018@example.com,3074.55
Olivia Brown 1019,employee1019@example.com,3075.92
William Brown 1020,employee1020@example.com,3077.29
John Wilson 1021,employee1021@example.com,3078.66
David Wilson 1022,employee1022@example.com,3080.03
Sarah Wilson 1023,employee1023@example.com,3081.40
Michael Wilson 1024,employee1024@example.com,3082.77
Emily Wilson 1025,employee1025@example.com,3084.14
Daniel Wilson 1026,employee1026@example.com,3085.51
Sophia Wilson 1027,employee1027@example.com,3086.88
James Wilson 1028,employee1028@example.com,3088.25
Olivia Wilson 1029,employee1029@example.com,3089.62
William Wilson 1030,employee1030@example.com,3090.99
John Taylor 1031,employee1031@example.com,3092.36
David Taylor 1032,employee1032@example.com,3093.73
Sarah Taylor 1033,employee1033@example.com,3095.10
Michael Taylor 1034,employee1034@example.com,3096.47
Emily Taylor 1035,employee1035@example.com,3097.84
Daniel Taylor 1036,employee1036@example.com,3099.21
Sophia Taylor 1037,employee1037@example.com,3100.58
James Taylor 1038,employee1038@example.com,3101.95
Olivia Taylor 1039,employee1039@example.com,3103.32
William Taylor 1040,employee1040@example.com,3104.69
John Anderson 1041,employee1041@example.com,3106.06
David Anderson 1042,employee1042@example.com,3107.43
Sarah Anderson 1043,employee1043@example.com,3108.80
Michael Anderson 1044,employee1044@example.com,3110.17
Emily Anderson 1045,employee1045@example.com,3111.54
Daniel Anderson 1046,employee1046@example.com,3112.91
Sophia Anderson 1047,employee1047@example.com,3114.28
James Anderson 1048,employee1048@example.com,3115.65
Olivia Anderson 1049,employee1049@example.com,3117.02
William Anderson 1050,employee1050@example.com,3118.39
John Thomas 1051,employee1051@example.com,3119.76
David Thomas 1052,employee1052@example.com,3001.12
Sarah Thomas 1053,employee1053@example.com,3002.49
Michael Thomas 1054,employee1054@example.com,3003.86
Emily Thomas 1055,employee1055@example.com,3005.23
Daniel Thomas 1056,employee1056@example.com,3006.60
Sophia Thomas 1057,employee1057@example.com,3007.97
James Thomas 1058,employee1058@example.com,3009.34
Olivia Thomas 1059,employee1059@example.com,3010.71
William Thomas 1060,employee1060@example.com,3012.08
John Jackson 1061,employee1061@example.com,3013.45
David Jackson 1062,employee1062@example.com,3014.82
Sarah Jackson 1063,employee1063@example.com,3016.19
Michael Jackson 1064,employee1064@example.com,3017.56
Emily Jackson 1065,employee1065@example.com,3018.93
Daniel Jackson 1066,employee1066@example.com,3020.30
Sophia Jackson 1067,employee1067@example.com,3021.67
James Jackson 1068,employee1068@example.com,3023.04
Olivia Jackson 1069,employee1069@example.com,3024.41
William Jackson 1070,employee1070@example.com,3025.78
John White 1071,employee1071@example.com,3027.15
David White 1072,employee1072@example.com,3028.52
Sarah White 1073,employee1073@example.com,3029.89
Michael White 1074,employee1074@example.com,3031.26
Emily White 1075,employee1075@example.com,3032.63
Daniel White 1076,employee1076@example.com,3034.00
Sophia White 1077,employee1077@example.com,3035.37
James White 1078,employee1078@example.com,3036.74
Olivia White 1079,employee1079@example.com,3038.11
William White 1080,employee1080@example.com,3039.48
John Harris 1081,employee1081@example.com,3040.85
David Harris 1082,employee1082@example.com,3042.22
Sarah Harris 1083,employee1083@example.com,3043.59
Michael Harris 1084,employee1084@example.com,3044.96
Emily Harris 1085,employee1085@example.com,3046.33
Daniel Harris 1086,employee1086@example.com,3047.70
Sophia Harris 1087,employee1087@example.com,3049.07
James Harris 1088,employee1088@example.com,3050.44
Olivia Harris 1089,employee1089@example.com,3051.81
William Harris 1090,employee1090@example.com,3053.18
John Martin 1091,employee1091@example.com,3054.55
David Martin 1092,employee1092@example.com,3055.92
Sarah Martin 1093,employee1093@example.com,3057.29
Michael Martin 1094,employee1094@example.com,3058.66
Emily Martin 1095,employee1095@example.com,3060.03
Daniel Martin 1096,employee1096@example.com,3061.40
Sophia Martin 1097,employee1097@example.com,3062.77
James Martin 1098,employee1098@example.com,3064.14
Olivia Martin 1099,employee1099@example.com,3065.51
William Martin 1100,employee1100@example.com,3066.88
John Smith 1101,employee1101@example.com,3068.25
David Smith 1102,employee1102@example.com,3069.62
Sarah Smith 1103,employee1103@example.com,3070.99
Michael Smith 1104,employee1104@example.com,3072.36
Emily Smith 1105,employee1105@example.com,3073.73
Daniel Smith 1106,employee1106@example.com,3075.10
Sophia Smith 1107,employee1107@example.com,3076.47
James Smith 1108,employee1108@example.com,3077.84
Olivia Smith 1109,employee1109@example.com,3079.21
William Smith 1110,employee1110@example.com,3080.58
John Brown 1111,employee1111@example.com,3081.95
David Brown 1112,employee1112@example.com,3083.32
Sarah Brown 1113,employee1113@example.com,3084.69
Michael Brown 1114,employee1114@example.com,3086.06
Emily Brown 1115,employee1115@example.com,3087.43
Daniel Brown 1116,employee1116@example.com,3088.80
Sophia Brown 1117,employee1117@example.com,3090.17
James Brown 1118,employee1118@example.com,3091.54
Olivia Brown 1119,employee1119@example.com,3092.91
William Brown 1120,employee1120@example.com,3094.28
John Wilson 1121,employee1121@example.com,3095.65
David Wilson 1122,employee1122@example.com,3097.02
Sarah Wilson 1123,employee1123@example.com,3098.39
Michael Wilson 1124,employee1124@example.com,3099.76
Emily Wilson 1125,employee1125@example.com,3101.13
Daniel Wilson 1126,employee1126@example.com,3102.50
Sophia Wilson 1127,employee1127@example.com,3103.87
James Wilson 1128,employee1128@example.com,3105.24
Olivia Wilson 1129,employee1129@example.com,3106.61
William Wilson 1130,employee1130@example.com,3107.98
John Taylor 1131,employee1131@example.com,3109.35
David Taylor 1132,employee1132@example.com,3110.72
Sarah Taylor 1133,employee1133@example.com,3112.09
Michael Taylor 1134,employee1134@example.com,3113.46
Emily Taylor 1135,employee1135@example.com,3114.83
Daniel Taylor 1136,employee1136@example.com,3116.20
Sophia Taylor 1137,employee1137@example.com,3117.57
James Taylor 1138,employee1138@example.com,3118.94
Olivia Taylor 1139,employee1139@example.com,3000.30
William Taylor 1140,employee1140@example.com,3001.67
John Anderson 1141,employee1141@example.com,3003.04
David Anderson 1142,employee1142@example.com,3004.41
Sarah Anderson 1143,employee1143@example.com,3005.78
Michael Anderson 1144,employee1144@example.com,3007.15
Emily Anderson 1145,employee1145@example.com,3008.52
Daniel Anderson 1146,employee1146@example.com,3009.89
Sophia Anderson 1147,employee1147@example.com,3011.26
James Anderson 1148,employee1148@example.com,3012.63
Olivia Anderson 1149,employee1149@example.com,3014.00
William Anderson 1150,employee1150@example.com,3015.37
John Thomas 1151,employee1151@example.com,3016.74
David Thomas 1152,employee1152@example.com,3018.11
Sarah Thomas 1153,employee1153@example.com,3019.48
Michael Thomas 1154,employee1154@example.com,3020.85
Emily Thomas 1155,employee1155@example.com,3022.22
Daniel Thomas 1156,employee1156@example.com,3023.59
Sophia Thomas 1157,employee1157@example.com,3024.96
James Thomas 1158,employee1158@example.com,3026.33
Olivia Thomas 1159,employee1159@example.com,3027.70
William Thomas 1160,employee1160@example.com,3029.07
John Jackson 1161,employee1161@example.com,3030.44
David Jackson 1162,employee1162@example.com,3031.81
Sarah Jackson 1163,employee1163@example.com,3033.18
Michael Jackson 1164,employee1164@example.com,3034.55
Emily Jackson 1165,employee1165@example.com,3035.92
Daniel Jackson 1166,employee1166@example.com,3037.29
Sophia Jackson 1167,employee1167@example.com,3038.66
James Jackson 1168,employee1168@example.com,3040.03
Olivia Jackson 1169,employee1169@example.com,3041.40
William Jackson 1170,employee1170@example.com,3042.77
John White 1171,employee1171@example.com,3044.14
David White 1172,employee1172@example.com,3045.51
Sarah White 1173,employee1173@example.com,3046.88
Michael White 1174,employee1174@example.com,3048.25
Emily White 1175,employee1175@example.com,3049.62
Daniel White 1176,employee1176@example.com,3050.99
Sophia White 1177,employee1177@example.com,3052.36
James White 1178,employee1178@example.com,3053.73
Olivia White 1179,employee1179@example.com,3055.10
William White 1180,employee1180@example.com,3056.47
John Harris 1181,employee1181@example.com,3057.84
David Harris 1182,employee1182@example.com,3059.21
Sarah Harris 1183,employee1183@example.com,3060.58
Michael Harris 1184,employee1184@example.com,3061.95
Emily Harris 1185,employee1185@example.com,3063.32
Daniel Harris 1186,employee1186@example.com,3064.69
Sophia Harris 1187,employee1187@example.com,3066.06
James Harris 1188,employee1188@example.com,3067.43
Olivia Harris 1189,employee1189@example.com,3068.80
William Harris 1190,employee1190@example.com,3070.17
John Martin 1191,employee1191@example.com,3071.54
David Martin 1192,employee1192@example.com,3072.91
Sarah Martin 1193,employee1193@example.com,3074.28
Michael Martin 1194,employee1194@example.com,3075.65
Emily Martin 1195,employee1195@example.com,3077.02
Daniel Martin 1196,employee1196@example.com,3078.39
Sophia Martin 1197,employee1197@example.com,3079.76
James Martin 1198,employee1198@example.com,3081.13
Olivia Martin 1199,employee1199@example.com,3082.50
William Martin 1200,employee1200@example.com,3083.87
John Smith 1201,employee1201@example.com,3085.24
David Smith 1202,employee1202@example.com,3086.61
Sarah Smith 1203,employee1203@example.com,3087.98
Michael Smith 1204,employee1204@example.com,3089.35
Emily Smith 1205,employee1205@example.com,3090.72
Daniel Smith 1206,employee1206@example.com,3092.09
Sophia Smith 1207,employee1207@example.com,3093.46
James Smith 1208,employee1208@example.com,3094.83
Olivia Smith 1209,employee1209@example.com,3096.20
William Smith 1210,employee1210@example.com,3097.57
John Brown 1211,employee1211@example.com,3098.94
David Brown 1212,employee1212@example.com,3100.31
Sarah Brown 1213,employee1213@example.com,3101.68
Michael Brown 1214,employee1214@example.com,3103.05
Emily Brown 1215,employee1215@example.com,3104.42
Daniel Brown 1216,employee1216@example.com,3105.79
Sophia Brown 1217,employee1217@example.com,3107.16
James Brown 1218,employee1218@example.com,3108.53
Olivia Brown 1219,employee1219@example.com,3109.90
William Brown 1220,employee1220@example.com,3111.27
John Wilson 1221,employee1221@example.com,3112.64
David Wilson 1222,employee1222@example.com,3114.01
Sarah Wilson 1223,employee1223@example.com,3115.38
Michael Wilson 1224,employee1224@example.com,3116.75
Emily Wilson 1225,employee1225@example.com,3118.12
Daniel Wilson 1226,employee1226@example.com,3119.49
Sophia Wilson 1227,employee1227@example.com,3000.85
James Wilson 1228,employee1228@example.com,3002.22
Olivia Wilson 1229,employee1229@example.com,3003.59
William Wilson 1230,employee1230@example.com,3004.96
John Taylor 1231,employee1231@example.com,3006.33
David Taylor 1232,employee1232@example.com,3007.70
Sarah Taylor 1233,employee1233@example.com,3009.07
Michael Taylor 1234,employee1234@example.com,3010.44
Emily Taylor 1235,employee1235@example.com,3011.81
Daniel Taylor 1236,employee1236@example.com,3013.18
Sophia Taylor 1237,employee1237@example.com,3014.55
James Taylor 1238,employee1238@example.com,3015.92
Olivia Taylor 1239,employee1239@example.com,3017.29
William Taylor 1240,employee1240@example.com,3018.66
John Anderson 1241,employee1241@example.com,3020.03
David Anderson 1242,employee1242@example.com,3021.40
Sarah Anderson 1243,employee1243@example.com,3022.77
Michael Anderson 1244,employee1244@example.com,3024.14
Emily Anderson 1245,employee1245@example.com,3025.51
Daniel Anderson 1246,employee1246@example.com,3026.88
Sophia Anderson 1247,employee1247@example.com,3028.25
James Anderson 1248,employee1248@example.com,3029.62
Olivia Anderson 1249,employee1249@example.com,3030.99
William Anderson 1250,employee1250@example.com,3032.36
John Thomas 1251,employee1251@example.com,3033.73
David Thomas 1252,employee1252@example.com,3035.10
Sarah Thomas 1253,employee1253@example.com,3036.47
Michael Thomas 1254,employee1254@example.com,3037.84
Emily Thomas 1255,employee1255@example.com,3039.21
Daniel Thomas 1256,employee1256@example.com,3040.58
Sophia Thomas 1257,employee1257@example.com,3041.95
James Thomas 1258,employee1258@example.com,3043.32
Olivia Thomas 1259,employee1259@example.com,3044.69
William Thomas 1260,employee1260@example.com,3046.06
John Jackson 1261,employee1261@example.com,3047.43
David Jackson 1262,employee1262@example.com,3048.80
Sarah Jackson 1263,employee1263@example.com,3050.17
Michael Jackson 1264,employee1264@example.com,3051.54
Emily Jackson 1265,employee1265@example.com,3052.91
Daniel Jackson 1266,employee1266@example.com,3054.28
Sophia Jackson 1267,employee1267@example.com,3055.65
James Jackson 1268,employee1268@example.com,3057.02
Olivia Jackson 1269,employee1269@example.com,3058.39
William Jackson 1270,employee1270@example.com,3059.76
John White 1271,employee1271@example.com,3061.13
David White 1272,employee1272@example.com,3062.50
Sarah White 1273,employee1273@example.com,3063.87
Michael White 1274,employee1274@example.com,3065.24
Emily White 1275,employee1275@example.com,3066.61
Daniel White 1276,employee1276@example.com,3067.98
Sophia White 1277,employee1277@example.com,3069.35
James White 1278,employee1278@example.com,3070.72
Olivia White 1279,employee1279@example.com,3072.09
William White 1280,employee1280@example.com,3073.46
John Harris 1281,employee1281@example.com,3074.83
David Harris 1282,employee1282@example.com,3076.20
Sarah Harris 1283,employee1283@example.com,3077.57
Michael Harris 1284,employee1284@example.com,3078.94
Emily Harris 1285,employee1285@example.com,3080.31
Daniel Harris 1286,employee1286@example.com,3081.68
Sophia Harris 1287,employee1287@example.com,3083.05
James Harris 1288,employee1288@example.com,3084.42
Olivia Harris 1289,employee1289@example.com,3085.79
William Harris 1290,employee1290@example.com,3087.16
John Martin 1291,employee1291@example.com,3088.53
David Martin 1292,employee1292@example.com,3089.90
Sarah Martin 1293,employee1293@example.com,3091.27
Michael Martin 1294,employee1294@example.com,3092.64
Emily Martin 1295,employee1295@example.com,3094.01
Daniel Martin 1296,employee1296@example.com,3095.38
Sophia Martin 1297,employee1297@example.com,3096.75
James Martin 1298,employee1298@example.com,3098.12
Olivia Martin 1299,employee1299@example.com,3099.49
William Martin 1300,employee1300@example.com,3100.86
John Smith 1301,employee1301@example.com,3102.23
David Smith 1302,employee1302@example.com,3103.60
Sarah Smith 1303,employee1303@example.com,3104.97
Michael Smith 1304,employee1304@example.com,3106.34
Emily Smith 1305,employee1305@example.com,3107.71
Daniel Smith 1306,employee1306@example.com,3109.08
Sophia Smith 1307,employee1307@example.com,3110.45
James Smith 1308,employee1308@example.com,3111.82
Olivia Smith 1309,employee1309@example.com,3113.19
William Smith 1310,employee1310@example.com,3114.56
John Brown 1311,employee1311@example.com,3115.93
David Brown 1312,employee1312@example.com,3117.30
Sarah Brown 1313,employee1313@example.com,3118.67
Michael Brown 1314,employee1314@example.com,3000.03
Emily Brown 1315,employee1315@example.com,3001.40
Daniel Brown 1316,employee1316@example.com,3002.77
Sophia Brown 1317,employee1317@example.com,3004.14
James Brown 1318,employee1318@example.com,3005.51
Olivia Brown 1319,employee1319@example.com,3006.88
William Brown 1320,employee1320@example.com,3008.25
John Wilson 1321,employee1321@example.com,3009.62
David Wilson 1322,employee1322@example.com,3010.99
Sarah Wilson 1323,employee1323@example.com,3012.36
Michael Wilson 1324,employee1324@example.com,3013.73
Emily Wilson 1325,employee1325@example.com,3015.10
Daniel Wilson 1326,employee1326@example.com,3016.47
Sophia Wilson 1327,employee1327@example.com,3017.84
James Wilson 1328,employee1328@example.com,3019.21
Olivia Wilson 1329,employee1329@example.com,3020.58
William Wilson 1330,employee1330@example.com,3021.95
John Taylor 1331,employee1331@example.com,3023.32
David Taylor 1332,employee1332@example.com,3024.69
Sarah Taylor 1333,employee1333@example.com,3026.06
Michael Taylor 1334,employee1334@example.com,3027.43
Emily Taylor 1335,employee1335@example.com,3028.80
Daniel Taylor 1336,employee1336@example.com,3030.17
Sophia Taylor 1337,employee1337@example.com,3031.54
James Taylor 1338,employee1338@example.com,3032.91
Olivia Taylor 1339,employee1339@example.com,3034.28
William Taylor 1340,employee1340@example.com,3035.65
John Anderson 1341,employee1341@example.com,3037.02
David Anderson 1342,employee1342@example.com,3038.39
Sarah Anderson 1343,employee1343@example.com,3039.76
Michael Anderson 1344,employee1344@example.com,3041.13
Emily Anderson 1345,employee1345@example.com,3042.50
Daniel Anderson 1346,employee1346@example.com,3043.87
Sophia Anderson 1347,employee1347@example.com,3045.24
James Anderson 1348,employee1348@example.com,3046.61
Olivia Anderson 1349,employee1349@example.com,3047.98
William Anderson 1350,employee1350@example.com,3049.35
John Thomas 1351,employee1351@example.com,3050.72
David Thomas 1352,employee1352@example.com,3052.09
Sarah Thomas 1353,employee1353@example.com,3053.46
Michael Thomas 1354,employee1354@example.com,3054.83
Emily Thomas 1355,employee1355@example.com,3056.20
Daniel Thomas 1356,employee1356@example.com,3057.57
Sophia Thomas 1357,employee1357@example.com,3058.94
James Thomas 1358,employee1358@example.com,3060.31
Olivia Thomas 1359,employee1359@example.com,3061.68
William Thomas 1360,employee1360@example.com,3063.05
John Jackson 1361,employee1361@example.com,3064.42
David Jackson 1362,employee1362@example.com,3065.79
Sarah Jackson 1363,employee1363@example.com,3067.16
Michael Jackson 1364,employee1364@example.com,3068.53
Emily Jackson 1365,employee1365@example.com,3069.90
Daniel Jackson 1366,employee1366@example.com,3071.27
Sophia Jackson 1367,employee1367@example.com,3072.64
James Jackson 1368,employee1368@example.com,3074.01
Olivia Jackson 1369,employee1369@example.com,3075.38
William Jackson 1370,employee1370@example.com,3076.75
John White 1371,employee1371@example.com,3078.12
David White 1372,employee1372@example.com,3079.49
Sarah White 1373,employee1373@example.com,3080.86
Michael White 1374,employee1374@example.com,3082.23
Emily White 1375,employee1375@example.com,3083.60
Daniel White 1376,employee1376@example.com,3084.97
Sophia White 1377,employee1377@example.com,3086.34
James White 1378,employee1378@example.com,3087.71
Olivia White 1379,employee1379@example.com,3089.08
William White 1380,employee1380@example.com,3090.45
John Harris 1381,employee1381@example.com,3091.82
David Harris 1382,employee1382@example.com,3093.19
Sarah Harris 1383,employee1383@example.com,3094.56
Michael Harris 1384,employee1384@example.com,3095.93
Emily Harris 1385,employee1385@example.com,3097.30
Daniel Harris 1386,employee1386@example.com,3098.67
Sophia Harris 1387,employee1387@example.com,3100.04
James Harris 1388,employee1388@example.com,3101.41
Olivia Harris 1389,employee1389@example.com,3102.78
William Harris 1390,employee1390@example.com,3104.15
John Martin 1391,employee1391@example.com,3105.52
David Martin 1392,employee1392@example.com,3106.89
Sarah Martin 1393,employee1393@example.com,3108.26
Michael Martin 1394,employee1394@example.com,3109.63
Emily Martin 1395,employee1395@example.com,3111.00
Daniel Martin 1396,employee1396@example.com,3112.37
Sophia Martin 1397,employee1397@example.com,3113.74
James Martin 1398,employee1398@example.com,3115.11
Olivia Martin 1399,employee1399@example.com,3116.48
William Martin 1400,employee1400@example.com,3117.85
John Smith 1401,employee1401@example.com,3119.22
David Smith 1402,employee1402@example.com,3000.58
Sarah Smith 1403,employee1403@example.com,3001.95
Michael Smith 1404,employee1404@example.com,3003.32
Emily Smith 1405,employee1405@example.com,3004.69
Daniel Smith 1406,employee1406@example.com,3006.06
Sophia Smith 1407,employee1407@example.com,3007.43
James Smith 1408,employee1408@example.com,3008.80
Olivia Smith 1409,employee1409@example.com,3010.17
William Smith 1410,employee1410@example.com,3011.54
John Brown 1411,employee1411@example.com,3012.91
David Brown 1412,employee1412@example.com,3014.28
Sarah Brown 1413,employee1413@example.com,3015.65
Michael Brown 1414,employee1414@example.com,3017.02
Emily Brown 1415,employee1415@example.com,3018.39
Daniel Brown 1416,employee1416@example.com,3019.76
Sophia Brown 1417,employee1417@example.com,3021.13
James Brown 1418,employee1418@example.com,3022.50
Olivia Brown 1419,employee1419@example.com,3023.87
William Brown 1420,employee1420@example.com,3025.24
John Wilson 1421,employee1421@example.com,3026.61
David Wilson 1422,employee1422@example.com,3027.98
Sarah Wilson 1423,employee1423@example.com,3029.35
Michael Wilson 1424,employee1424@example.com,3030.72
Emily Wilson 1425,employee1425@example.com,3032.09
Daniel Wilson 1426,employee1426@example.com,3033.46
Sophia Wilson 1427,employee1427@example.com,3034.83
James Wilson 1428,employee1428@example.com,3036.20
Olivia Wilson 1429,employee1429@example.com,3037.57
William Wilson 1430,employee1430@example.com,3038.94
John Taylor 1431,employee1431@example.com,3040.31
David Taylor 1432,employee1432@example.com,3041.68
Sarah Taylor 1433,employee1433@example.com,3043.05
Michael Taylor 1434,employee1434@example.com,3044.42
Emily Taylor 1435,employee1435@example.com,3045.79
Daniel Taylor 1436,employee1436@example.com,3047.16
Sophia Taylor 1437,employee1437@example.com,3048.53
James Taylor 1438,employee1438@example.com,3049.90
Olivia Taylor 1439,employee1439@example.com,3051.27
William Taylor 1440,employee1440@example.com,3052.64
John Anderson 1441,employee1441@example.com,3054.01
David Anderson 1442,employee1442@example.com,3055.38
Sarah Anderson 1443,employee1443@example.com,3056.75
Michael Anderson 1444,employee1444@example.com,3058.12
Emily Anderson 1445,employee1445@example.com,3059.49
Daniel Anderson 1446,employee1446@example.com,3060.86
Sophia Anderson 1447,employee1447@example.com,3062.23
James Anderson 1448,employee1448@example.com,3063.60
Olivia Anderson 1449,employee1449@example.com,3064.97
William Anderson 1450,employee1450@example.com,3066.34
John Thomas 1451,employee1451@example.com,3067.71
David Thomas 1452,employee1452@example.com,3069.08
Sarah Thomas 1453,employee1453@example.com,3070.45
Michael Thomas 1454,employee1454@example.com,3071.82
Emily Thomas 1455,employee1455@example.com,3073.19
Daniel Thomas 1456,employee1456@example.com,3074.56
Sophia Thomas 1457,employee1457@example.com,3075.93
James Thomas 1458,employee1458@example.com,3077.30
Olivia Thomas 1459,employee1459@example.com,3078.67
William Thomas 1460,employee1460@example.com,3080.04
John Jackson 1461,employee1461@example.com,3081.41
David Jackson 1462,employee1462@example.com,3082.78
Sarah Jackson 1463,employee1463@example.com,3084.15
Michael Jackson 1464,employee1464@example.com,3085.52
Emily Jackson 1465,employee1465@example.com,3086.89
Daniel Jackson 1466,employee1466@example.com,3088.26
Sophia Jackson 1467,employee1467@example.com,3089.63
James Jackson 1468,employee1468@example.com,3091.00
Olivia Jackson 1469,employee1469@example.com,3092.37
William Jackson 1470,employee1470@example.com,3093.74
John White 1471,employee1471@example.com,3095.11
David White 1472,employee1472@example.com,3096.48
Sarah White 1473,employee1473@example.com,3097.85
Michael White 1474,employee1474@example.com,3099.22
Emily White 1475,employee1475@example.com,3100.59
Daniel White 1476,employee1476@example.com,3101.96
Sophia White 1477,employee1477@example.com,3103.33
James White 1478,employee1478@example.com,3104.70
Olivia White 1479,employee1479@example.com,3106.07
William White 1480,employee1480@example.com,3107.44
John Harris 1481,employee1481@example.com,3108.81
David Harris 1482,employee1482@example.com,3110.18
Sarah Harris 1483,employee1483@example.com,3111.55
Michael Harris 1484,employee1484@example.com,3112.92
Emily Harris 1485,employee1485@example.com,3114.29
Daniel Harris 1486,employee1486@example.com,3115.66
Sophia Harris 1487,employee1487@example.com,3117.03
James Harris 1488,employee1488@example.com,3118.40
Olivia Harris 1489,employee1489@example.com,3119.77
William Harris 1490,employee1490@example.com,3001.13
John Martin 1491,employee1491@example.com,3002.50
David Martin 1492,employee1492@example.com,3003.87
Sarah Martin 1493,employee1493@example.com,3005.24
Michael Martin 1494,employee1494@example.com,3006.61
Emily Martin 1495,employee1495@example.com,3007.98
Daniel Martin 1496,employee1496@example.com,3009.35
Sophia Martin 1497,employee1497@example.com,3010.72
James Martin 1498,employee1498@example.com,3012.09
Olivia Martin 1499,employee1499@example.com,3013.46
William Martin 1500,employee1500@example.com,3014.83
John Smith 1501,employee1501@example.com,3016.20
David Smith 1502,employee1502@example.com,3017.57
Sarah Smith 1503,employee1503@example.com,3018.94
Michael Smith 1504,employee1504@example.com,3020.31
Emily Smith 1505,employee1505@example.com,3021.68
Daniel Smith 1506,employee1506@example.com,3023.05
Sophia Smith 1507,employee1507@example.com,3024.42
James Smith 1508,employee1508@example.com,3025.79
Olivia Smith 1509,employee1509@example.com,3027.16
William Smith 1510,employee1510@example.com,3028.53
John Brown 1511,employee1511@example.com,3029.90
David Brown 1512,employee1512@example.com,3031.27
Sarah Brown 1513,employee1513@example.com,3032.64
Michael Brown 1514,employee1514@example.com,3034.01
Emily Brown 1515,employee1515@example.com,3035.38
Daniel Brown 1516,employee1516@example.com,3036.75
Sophia Brown 1517,employee1517@example.com,3038.12
James Brown 1518,employee1518@example.com,3039.49
Olivia Brown 1519,employee1519@example.com,3040.86
William Brown 1520,employee1520@example.com,3042.23
John Wilson 1521,employee1521@example.com,3043.60
David Wilson 1522,employee1522@example.com,3044.97
Sarah Wilson 1523,employee1523@example.com,3046.34
Michael Wilson 1524,employee1524@example.com,3047.71
Emily Wilson 1525,employee1525@example.com,3049.08
Daniel Wilson 1526,employee1526@example.com,3050.45
Sophia Wilson 1527,employee1527@example.com,3051.82
James Wilson 1528,employee1528@example.com,3053.19
Olivia Wilson 1529,employee1529@example.com,3054.56
William Wilson 1530,employee1530@example.com,3055.93
John Taylor 1531,employee1531@example.com,3057.30
David Taylor 1532,employee1532@example.com,3058.67
Sarah Taylor 1533,employee1533@example.com,3060.04
Michael Taylor 1534,employee1534@example.com,3061.41
Emily Taylor 1535,employee1535@example.com,3062.78
Daniel Taylor 1536,employee1536@example.com,3064.15
Sophia Taylor 1537,employee1537@example.com,3065.52
James Taylor 1538,employee1538@example.com,3066.89
Olivia Taylor 1539,employee1539@example.com,3068.26
William Taylor 1540,employee1540@example.com,3069.63
John Anderson 1541,employee1541@example.com,3071.00
David Anderson 1542,employee1542@example.com,3072.37
Sarah Anderson 1543,employee1543@example.com,3073.74
Michael Anderson 1544,employee1544@example.com,3075.11
Emily Anderson 1545,employee1545@example.com,3076.48
Daniel Anderson 1546,employee1546@example.com,3077.85
Sophia Anderson 1547,employee1547@example.com,3079.22
James Anderson 1548,employee1548@example.com,3080.59
Olivia Anderson 1549,employee1549@example.com,3081.96
William Anderson 1550,employee1550@example.com,3083.33
John Thomas 1551,employee1551@example.com,3084.70
David Thomas 1552,employee1552@example.com,3086.07
Sarah Thomas 1553,employee1553@example.com,3087.44
Michael Thomas 1554,employee1554@example.com,3088.81
Emily Thomas 1555,employee1555@example.com,3090.18
Daniel Thomas 1556,employee1556@example.com,3091.55
Sophia Thomas 1557,employee1557@example.com,3092.92
James Thomas 1558,employee1558@example.com,3094.29
Olivia Thomas 1559,employee1559@example.com,3095.66
William Thomas 1560,employee1560@example.com,3097.03
John Jackson 1561,employee1561@example.com,3098.40
David Jackson 1562,employee1562@example.com,3099.77
Sarah Jackson 1563,employee1563@example.com,3101.14
Michael Jackson 1564,employee1564@example.com,3102.51
Emily Jackson 1565,employee1565@example.com,3103.88
Daniel Jackson 1566,employee1566@example.com,3105.25
Sophia Jackson 1567,employee1567@example.com,3106.62
James Jackson 1568,employee1568@example.com,3107.99
Olivia Jackson 1569,employee1569@example.com,3109.36
William Jackson 1570,employee1570@example.com,3110.73
John White 1571,employee1571@example.com,3112.10
David White 1572,employee1572@example.com,3113.47
Sarah White 1573,employee1573@example.com,3114.84
Michael White 1574,employee1574@example.com,3116.21
Emily White 1575,employee1575@example.com,3117.58
Daniel White 1576,employee1576@example.com,3118.95
Sophia White 1577,employee1577@example.com,3000.31
James White 1578,employee1578@example.com,3001.68
Olivia White 1579,employee1579@example.com,3003.05
William White 1580,employee1580@example.com,3004.42
John Harris 1581,employee1581@example.com,3005.79
David Harris 1582,employee1582@example.com,3007.16
Sarah Harris 1583,employee1583@example.com,3008.53
Michael Harris 1584,employee1584@example.com,3009.90
Emily Harris 1585,employee1585@example.com,3011.27
Daniel Harris 1586,employee1586@example.com,3012.64
Sophia Harris 1587,employee1587@example.com,3014.01
James Harris 1588,employee1588@example.com,3015.38
Olivia Harris 1589,employee1589@example.com,3016.75
William Harris 1590,employee1590@example.com,3018.12
John Martin 1591,employee1591@example.com,3019.49
David Martin 1592,employee1592@example.com,3020.86
Sarah Martin 1593,employee1593@example.com,3022.23
Michael Martin 1594,employee1594@example.com,3023.60
Emily Martin 1595,employee1595@example.com,3024.97
Daniel Martin 1596,employee1596@example.com,3026.34
Sophia Martin 1597,employee1597@example.com,3027.71
James Martin 1598,employee1598@example.com,3029.08
Olivia Martin 1599,employee1599@example.com,3030.45
William Martin 1600,employee1600@example.com,3031.82
John Smith 1601,employee1601@example.com,3033.19
David Smith 1602,employee1602@example.com,3034.56
Sarah Smith 1603,employee1603@example.com,3035.93
Michael Smith 1604,employee1604@example.com,3037.30
Emily Smith 1605,employee1605@example.com,3038.67
Daniel Smith 1606,employee1606@example.com,3040.04
Sophia Smith 1607,employee1607@example.com,3041.41
James Smith 1608,employee1608@example.com,3042.78
Olivia Smith 1609,employee1609@example.com,3044.15
William Smith 1610,employee1610@example.com,3045.52
John Brown 1611,employee1611@example.com,3046.89
David Brown 1612,employee1612@example.com,3048.26
Sarah Brown 1613,employee1613@example.com,3049.63
Michael Brown 1614,employee1614@example.com,3051.00
Emily Brown 1615,employee1615@example.com,3052.37
Daniel Brown 1616,employee1616@example.com,3053.74
Sophia Brown 1617,employee1617@example.com,3055.11
James Brown 1618,employee1618@example.com,3056.48
Olivia Brown 1619,employee1619@example.com,3057.85
William Brown 1620,employee1620@example.com,3059.22
John Wilson 1621,employee1621@example.com,3060.59
David Wilson 1622,employee1622@example.com,3061.96
Sarah Wilson 1623,employee1623@example.com,3063.33
Michael Wilson 1624,employee1624@example.com,3064.70
Emily Wilson 1625,employee1625@example.com,3066.07
Daniel Wilson 1626,employee1626@example.com,3067.44
Sophia Wilson 1627,employee1627@example.com,3068.81
James Wilson 1628,employee1628@example.com,3070.18
Olivia Wilson 1629,employee1629@example.com,3071.55
William Wilson 1630,employee1630@example.com,3072.92
John Taylor 1631,employee1631@example.com,3074.29
David Taylor 1632,employee1632@example.com,3075.66
Sarah Taylor 1633,employee1633@example.com,3077.03
Michael Taylor 1634,employee1634@example.com,3078.40
Emily Taylor 1635,employee1635@example.com,3079.77
Daniel Taylor 1636,employee1636@example.com,3081.14
Sophia Taylor 1637,employee1637@example.com,3082.51
James Taylor 1638,employee1638@example.com,3083.88
Olivia Taylor 1639,employee1639@example.com,3085.25
William Taylor 1640,employee1640@example.com,3086.62
John Anderson 1641,employee1641@example.com,3087.99
David Anderson 1642,employee1642@example.com,3089.36
Sarah Anderson 1643,employee1643@example.com,3090.73
Michael Anderson 1644,employee1644@example.com,3092.10
Emily Anderson 1645,employee1645@example.com,3093.47
Daniel Anderson 1646,employee1646@example.com,3094.84
Sophia Anderson 1647,employee1647@example.com,3096.21
James Anderson 1648,employee1648@example.com,3097.58
Olivia Anderson 1649,employee1649@example.com,3098.95
William Anderson 1650,employee1650@example.com,3100.32
John Thomas 1651,employee1651@example.com,3101.69
David Thomas 1652,employee1652@example.com,3103.06
Sarah Thomas 1653,employee1653@example.com,3104.43
Michael Thomas 1654,employee1654@example.com,3105.80
Emily Thomas 1655,employee1655@example.com,3107.17
Daniel Thomas 1656,employee1656@example.com,3108.54
Sophia Thomas 1657,employee1657@example.com,3109.91
James Thomas 1658,employee1658@example.com,3111.28
Olivia Thomas 1659,employee1659@example.com,3112.65
William Thomas 1660,employee1660@example.com,3114.02
John Jackson 1661,employee1661@example.com,3115.39
David Jackson 1662,employee1662@example.com,3116.76
Sarah Jackson 1663,employee1663@example.com,3118.13
Michael Jackson 1664,employee1664@example.com,3119.50
Emily Jackson 1665,employee1665@example.com,3000.86
Daniel Jackson 1666,employee1666@example.com,3002.23
Sophia Jackson 1667,employee1667@example.com,3003.60
James Jackson 1668,employee1668@example.com,3004.97
Olivia Jackson 1669,employee1669@example.com,3006.34
William Jackson 1670,employee1670@example.com,3007.71
John White 1671,employee1671@example.com,3009.08
David White 1672,employee1672@example.com,3010.45
Sarah White 1673,employee1673@example.com,3011.82
Michael White 1674,employee1674@example.com,3013.19
Emily White 1675,employee1675@example.com,3014.56
Daniel White 1676,employee1676@example.com,3015.93
Sophia White 1677,employee1677@example.com,3017.30
James White 1678,employee1678@example.com,3018.67
Olivia White 1679,employee1679@example.com,3020.04
William White 1680,employee1680@example.com,3021.41
John Harris 1681,employee1681@example.com,3022.78
David Harris 1682,employee1682@example.com,3024.15
Sarah Harris 1683,employee1683@example.com,3025.52
Michael Harris 1684,employee1684@example.com,3026.89
Emily Harris 1685,employee1685@example.com,3028.26
Daniel Harris 1686,employee1686@example.com,3029.63
Sophia Harris 1687,employee1687@example.com,3031.00
James Harris 1688,employee1688@example.com,3032.37
Olivia Harris 1689,employee1689@example.com,3033.74
William Harris 1690,employee1690@example.com,3035.11
John Martin 1691,employee1691@example.com,3036.48
David Martin 1692,employee1692@example.com,3037.85
Sarah Martin 1693,employee1693@example.com,3039.22
Michael Martin 1694,employee1694@example.com,3040.59
Emily Martin 1695,employee1695@example.com,3041.96
Daniel Martin 1696,employee1696@example.com,3043.33
Sophia Martin 1697,employee1697@example.com,3044.70
James Martin 1698,employee1698@example.com,3046.07
Olivia Martin 1699,employee1699@example.com,3047.44
William Martin 1700,employee1700@example.com,3048.81
John Smith 1701,employee1701@example.com,3050.18
David Smith 1702,employee1702@example.com,3051.55
Sarah Smith 1703,employee1703@example.com,3052.92
Michael Smith 1704,employee1704@example.com,3054.29
Emily Smith 1705,employee1705@example.com,3055.66
Daniel Smith 1706,employee1706@example.com,3057.03
Sophia Smith 1707,employee1707@example.com,3058.40
James Smith 1708,employee1708@example.com,3059.77
Olivia Smith 1709,employee1709@example.com,3061.14
William Smith 1710,employee1710@example.com,3062.51
John Brown 1711,employee1711@example.com,3063.88
David Brown 1712,employee1712@example.com,3065.25
Sarah Brown 1713,employee1713@example.com,3066.62
Michael Brown 1714,employee1714@example.com,3067.99
Emily Brown 1715,employee1715@example.com,3069.36
Daniel Brown 1716,employee1716@example.com,3070.73
Sophia Brown 1717,employee1717@example.com,3072.10
James Brown 1718,employee1718@example.com,3073.47
Olivia Brown 1719,employee1719@example.com,3074.84
William Brown 1720,employee1720@example.com,3076.21
John Wilson 1721,employee1721@example.com,3077.58
David Wilson 1722,employee1722@example.com,3078.95
Sarah Wilson 1723,employee1723@example.com,3080.32
Michael Wilson 1724,employee1724@example.com,3081.69
Emily Wilson 1725,employee1725@example.com,3083.06
Daniel Wilson 1726,employee1726@example.com,3084.43
Sophia Wilson 1727,employee1727@example.com,3085.80
James Wilson 1728,employee1728@example.com,3087.17
Olivia Wilson 1729,employee1729@example.com,3088.54
William Wilson 1730,employee1730@example.com,3089.91
John Taylor 1731,employee1731@example.com,3091.28
David Taylor 1732,employee1732@example.com,3092.65
Sarah Taylor 1733,employee1733@example.com,3094.02
Michael Taylor 1734,employee1734@example.com,3095.39
Emily Taylor 1735,employee1735@example.com,3096.76
Daniel Taylor 1736,employee1736@example.com,3098.13
Sophia Taylor 1737,employee1737@example.com,3099.50
James Taylor 1738,employee1738@example.com,3100.87
Olivia Taylor 1739,employee1739@example.com,3102.24
William Taylor 1740,employee1740@example.com,3103.61
John Anderson 1741,employee1741@example.com,3104.98
David Anderson 1742,employee1742@example.com,3106.35
Sarah Anderson 1743,employee1743@example.com,3107.72
Michael Anderson 1744,employee1744@example.com,3109.09
Emily Anderson 1745,employee1745@example.com,3110.46
Daniel Anderson 1746,employee1746@example.com,3111.83
Sophia Anderson 1747,employee1747@example.com,3113.20
James Anderson 1748,employee1748@example.com,3114.57
Olivia Anderson 1749,employee1749@example.com,3115.94
William Anderson 1750,employee1750@example.com,3117.31
John Thomas 1751,employee1751@example.com,3118.68
David Thomas 1752,employee1752@example.com,3000.04
Sarah Thomas 1753,employee1753@example.com,3001.41
Michael Thomas 1754,employee1754@example.com,3002.78
Emily Thomas 1755,employee1755@example.com,3004.15
Daniel Thomas 1756,employee1756@example.com,3005.52
Sophia Thomas 1757,employee1757@example.com,3006.89
James Thomas 1758,employee1758@example.com,3008.26
Olivia Thomas 1759,employee1759@example.com,3009.63
William Thomas 1760,employee1760@example.com,3011.00
John Jackson 1761,employee1761@example.com,3012.37
David Jackson 1762,employee1762@example.com,3013.74
Sarah Jackson 1763,employee1763@example.com,3015.11
Michael Jackson 1764,employee1764@example.com,3016.48
Emily Jackson 1765,employee1765@example.com,3017.85
Daniel Jackson 1766,employee1766@example.com,3019.22
Sophia Jackson 1767,employee1767@example.com,3020.59
James Jackson 1768,employee1768@example.com,3021.96
Olivia Jackson 1769,employee1769@example.com,3023.33
William Jackson 1770,employee1770@example.com,3024.70
John White 1771,employee1771@example.com,3026.07
David White 1772,employee1772@example.com,3027.44
Sarah White 1773,employee1773@example.com,3028.81
Michael White 1774,employee1774@example.com,3030.18
Emily White 1775,employee1775@example.com,3031.55
Daniel White 1776,employee1776@example.com,3032.92
Sophia White 1777,employee1777@example.com,3034.29
James White 1778,employee1778@example.com,3035.66
Olivia White 1779,employee1779@example.com,3037.03
William White 1780,employee1780@example.com,3038.40
John Harris 1781,employee1781@example.com,3039.77
David Harris 1782,employee1782@example.com,3041.14
Sarah Harris 1783,employee1783@example.com,3042.51
Michael Harris 1784,employee1784@example.com,3043.88
Emily Harris 1785,employee1785@example.com,3045.25
Daniel Harris 1786,employee1786@example.com,3046.62
Sophia Harris 1787,employee1787@example.com,3047.99
James Harris 1788,employee1788@example.com,3049.36
Olivia Harris 1789,employee1789@example.com,3050.73
William Harris 1790,employee1790@example.com,3052.10
John Martin 1791,employee1791@example.com,3053.47
David Martin 1792,employee1792@example.com,3054.84
Sarah Martin 1793,employee1793@example.com,3056.21
Michael Martin 1794,employee1794@example.com,3057.58
Emily Martin 1795,employee1795@example.com,3058.95
Daniel Martin 1796,employee1796@example.com,3060.32
Sophia Martin 1797,employee1797@example.com,3061.69
James Martin 1798,employee1798@example.com,3063.06
Olivia Martin 1799,employee1799@example.com,3064.43
William Martin 1800,employee1800@example.com,3065.80
John Smith 1801,employee1801@example.com,3067.17
David Smith 1802,employee1802@example.com,3068.54
Sarah Smith 1803,employee1803@example.com,3069.91
Michael Smith 1804,employee1804@example.com,3071.28
Emily Smith 1805,employee1805@example.com,3072.65
Daniel Smith 1806,employee1806@example.com,3074.02
Sophia Smith 1807,employee1807@example.com,3075.39
James Smith 1808,employee1808@example.com,3076.76
Olivia Smith 1809,employee1809@example.com,3078.13
William Smith 1810,employee1810@example.com,3079.50
John Brown 1811,employee1811@example.com,3080.87
David Brown 1812,employee1812@example.com,3082.24
Sarah Brown 1813,employee1813@example.com,3083.61
Michael Brown 1814,employee1814@example.com,3084.98
Emily Brown 1815,employee1815@example.com,3086.35
Daniel Brown 1816,employee1816@example.com,3087.72
Sophia Brown 1817,employee1817@example.com,3089.09
James Brown 1818,employee1818@example.com,3090.46
Olivia Brown 1819,employee1819@example.com,3091.83
William Brown 1820,employee1820@example.com,3093.20
John Wilson 1821,employee1821@example.com,3094.57
David Wilson 1822,employee1822@example.com,3095.94
Sarah Wilson 1823,employee1823@example.com,3097.31
Michael Wilson 1824,employee1824@example.com,3098.68
Emily Wilson 1825,employee1825@example.com,3100.05
Daniel Wilson 1826,employee1826@example.com,3101.42
Sophia Wilson 1827,employee1827@example.com,3102.79
James Wilson 1828,employee1828@example.com,3104.16
Olivia Wilson 1829,employee1829@example.com,3105.53
William Wilson 1830,employee1830@example.com,3106.90
John Taylor 1831,employee1831@example.com,3108.27
David Taylor 1832,employee1832@example.com,3109.64
Sarah Taylor 1833,employee1833@example.com,3111.01
Michael Taylor 1834,employee1834@example.com,3112.38
Emily Taylor 1835,employee1835@example.com,3113.75
Daniel Taylor 1836,employee1836@example.com,3115.12
Sophia Taylor 1837,employee1837@example.com,3116.49
James Taylor 1838,employee1838@example.com,3117.86
Olivia Taylor 1839,employee1839@example.com,3119.23
William Taylor 1840,employee1840@example.com,3000.59
John Anderson 1841,employee1841@example.com,3001.96
David Anderson 1842,employee1842@example.com,3003.33
Sarah Anderson 1843,employee1843@example.com,3004.70
Michael Anderson 1844,employee1844@example.com,3006.07
Emily Anderson 1845,employee1845@example.com,3007.44
Daniel Anderson 1846,employee1846@example.com,3008.81
Sophia Anderson 1847,employee1847@example.com,3010.18
James Anderson 1848,employee1848@example.com,3011.55
Olivia Anderson 1849,employee1849@example.com,3012.92
William Anderson 1850,employee1850@example.com,3014.29
John Thomas 1851,employee1851@example.com,3015.66
David Thomas 1852,employee1852@example.com,3017.03
Sarah Thomas 1853,employee1853@example.com,3018.40
Michael Thomas 1854,employee1854@example.com,3019.77
Emily Thomas 1855,employee1855@example.com,3021.14
Daniel Thomas 1856,employee1856@example.com,3022.51
Sophia Thomas 1857,employee1857@example.com,3023.88
James Thomas 1858,employee1858@example.com,3025.25
Olivia Thomas 1859,employee1859@example.com,3026.62
William Thomas 1860,employee1860@example.com,3027.99
John Jackson 1861,employee1861@example.com,3029.36
David Jackson 1862,employee1862@example.com,3030.73
Sarah Jackson 1863,employee1863@example.com,3032.10
Michael Jackson 1864,employee1864@example.com,3033.47
Emily Jackson 1865,employee1865@example.com,3034.84
Daniel Jackson 1866,employee1866@example.com,3036.21
Sophia Jackson 1867,employee1867@example.com,3037.58
James Jackson 1868,employee1868@example.com,3038.95
Olivia Jackson 1869,employee1869@example.com,3040.32
William Jackson 1870,employee1870@example.com,3041.69
John White 1871,employee1871@example.com,3043.06
David White 1872,employee1872@example.com,3044.43
Sarah White 1873,employee1873@example.com,3045.80
Michael White 1874,employee1874@example.com,3047.17
Emily White 1875,employee1875@example.com,3048.54
Daniel White 1876,employee1876@example.com,3049.91
Sophia White 1877,employee1877@example.com,3051.28
James White 1878,employee1878@example.com,3052.65
Olivia White 1879,employee1879@example.com,3054.02
William White 1880,employee1880@example.com,3055.39
John Harris 1881,employee1881@example.com,3056.76
David Harris 1882,employee1882@example.com,3058.13
Sarah Harris 1883,employee1883@example.com,3059.50
Michael Harris 1884,employee1884@example.com,3060.87
Emily Harris 1885,employee1885@example.com,3062.24
Daniel Harris 1886,employee1886@example.com,3063.61
Sophia Harris 1887,employee1887@example.com,3064.98
James Harris 1888,employee1888@example.com,3066.35
Olivia Harris 1889,employee1889@example.com,3067.72
William Harris 1890,employee1890@example.com,3069.09
John Martin 1891,employee1891@example.com,3070.46
David Martin 1892,employee1892@example.com,3071.83
Sarah Martin 1893,employee1893@example.com,3073.20
Michael Martin 1894,employee1894@example.com,3074.57
Emily Martin 1895,employee1895@example.com,3075.94
Daniel Martin 1896,employee1896@example.com,3077.31
Sophia Martin 1897,employee1897@example.com,3078.68
James Martin 1898,employee1898@example.com,3080.05
Olivia Martin 1899,employee1899@example.com,3081.42
William Martin 1900,employee1900@example.com,3082.79
John Smith 1901,employee1901@example.com,3084.16
David Smith 1902,employee1902@example.com,3085.53
Sarah Smith 1903,employee1903@example.com,3086.90
Michael Smith 1904,employee1904@example.com,3088.27
Emily Smith 1905,employee1905@example.com,3089.64
Daniel Smith 1906,employee1906@example.com,3091.01
Sophia Smith 1907,employee1907@example.com,3092.38
James Smith 1908,employee1908@example.com,3093.75
Olivia Smith 1909,employee1909@example.com,3095.12
William Smith 1910,employee1910@example.com,3096.49
John Brown 1911,employee1911@example.com,3097.86
David Brown 1912,employee1912@example.com,3099.23
Sarah Brown 1913,employee1913@example.com,3100.60
Michael Brown 1914,employee1914@example.com,3101.97
Emily Brown 1915,employee1915@example.com,3103.34
Daniel Brown 1916,employee1916@example.com,3104.71
Sophia Brown 1917,employee1917@example.com,3106.08
James Brown 1918,employee1918@example.com,3107.45
Olivia Brown 1919,employee1919@example.com,3108.82
William Brown 1920,employee1920@example.com,3110.19
John Wilson 1921,employee1921@example.com,3111.56
David Wilson 1922,employee1922@example.com,3112.93
Sarah Wilson 1923,employee1923@example.com,3114.30
Michael Wilson 1924,employee1924@example.com,3115.67
Emily Wilson 1925,employee1925@example.com,3117.04
Daniel Wilson 1926,employee1926@example.com,3118.41
Sophia Wilson 1927,employee1927@example.com,3119.78
James Wilson 1928,employee1928@example.com,3001.14
Olivia Wilson 1929,employee1929@example.com,3002.51
William Wilson 1930,employee1930@example.com,3003.88
John Taylor 1931,employee1931@example.com,3005.25
David Taylor 1932,employee1932@example.com,3006.62
Sarah Taylor 1933,employee1933@example.com,3007.99
Michael Taylor 1934,employee1934@example.com,3009.36
Emily Taylor 1935,employee1935@example.com,3010.73
Daniel Taylor 1936,employee1936@example.com,3012.10
Sophia Taylor 1937,employee1937@example.com,3013.47
James Taylor 1938,employee1938@example.com,3014.84
Olivia Taylor 1939,employee1939@example.com,3016.21
William Taylor 1940,employee1940@example.com,3017.58
John Anderson 1941,employee1941@example.com,3018.95
David Anderson 1942,employee1942@example.com,3020.32
Sarah Anderson 1943,employee1943@example.com,3021.69
Michael Anderson 1944,employee1944@example.com,3023.06
Emily Anderson 1945,employee1945@example.com,3024.43
Daniel Anderson 1946,employee1946@example.com,3025.80
Sophia Anderson 1947,employee1947@example.com,3027.17
James Anderson 1948,employee1948@example.com,3028.54
Olivia Anderson 1949,employee1949@example.com,3029.91
William Anderson 1950,employee1950@example.com,3031.28
John Thomas 1951,employee1951@example.com,3032.65
David Thomas 1952,employee1952@example.com,3034.02
Sarah Thomas 1953,employee1953@example.com,3035.39
Michael Thomas 1954,employee1954@example.com,3036.76
Emily Thomas 1955,employee1955@example.com,3038.13
Daniel Thomas 1956,employee1956@example.com,3039.50
Sophia Thomas 1957,employee1957@example.com,3040.87
James Thomas 1958,employee1958@example.com,3042.24
Olivia Thomas 1959,employee1959@example.com,3043.61
William Thomas 1960,employee1960@example.com,3044.98
John Jackson 1961,employee1961@example.com,3046.35
David Jackson 1962,employee1962@example.com,3047.72
Sarah Jackson 1963,employee1963@example.com,3049.09
Michael Jackson 1964,employee1964@example.com,3050.46
Emily Jackson 1965,employee1965@example.com,3051.83
Daniel Jackson 1966,employee1966@example.com,3053.20
Sophia Jackson 1967,employee1967@example.com,3054.57
James Jackson 1968,employee1968@example.com,3055.94
Olivia Jackson 1969,employee1969@example.com,3057.31
William Jackson 1970,employee1970@example.com,3058.68
John White 1971,employee1971@example.com,3060.05
David White 1972,employee1972@example.com,3061.42
Sarah White 1973,employee1973@example.com,3062.79
Michael White 1974,employee1974@example.com,3064.16
Emily White 1975,employee1975@example.com,3065.53
Daniel White 1976,employee1976@example.com,3066.90
Sophia White 1977,employee1977@example.com,3068.27
James White 1978,employee1978@example.com,3069.64
Olivia White 1979,employee1979@example.com,3071.01
William White 1980,employee1980@example.com,3072.38
John Harris 1981,employee1981@example.com,3073.75
David Harris 1982,employee1982@example.com,3075.12
Sarah Harris 1983,employee1983@example.com,3076.49
Michael Harris 1984,employee1984@example.com,3077.86
Emily Harris 1985,employee1985@example.com,3079.23
Daniel Harris 1986,employee1986@example.com,3080.60
Sophia Harris 1987,employee1987@example.com,3081.97
James Harris 1988,employee1988@example.com,3083.34
Olivia Harris 1989,employee1989@example.com,3084.71
William Harris 1990,employee1990@example.com,3086.08
John Martin 1991,employee1991@example.com,3087.45
David Martin 1992,employee1992@example.com,3088.82
Sarah Martin 1993,employee1993@example.com,3090.19
Michael Martin 1994,employee1994@example.com,3091.56
Emily Martin 1995,employee1995@example.com,3092.93
Daniel Martin 1996,employee1996@example.com,3094.30
Sophia Martin 1997,employee1997@example.com,3095.67
James Martin 1998,employee1998@example.com,3097.04
Olivia Martin 1999,employee1999@example.com,3098.41
William Martin 2000,employee2000@example.com,3099.78
John Smith 2001,employee2001@example.com,3101.15
David Smith 2002,employee2002@example.com,3102.52
Sarah Smith 2003,employee2003@example.com,3103.89
Michael Smith 2004,employee2004@example.com,3105.26
Emily Smith 2005,employee2005@example.com,3106.63
Daniel Smith 2006,employee2006@example.com,3108.00
Sophia Smith 2007,employee2007@example.com,3109.37
James Smith 2008,employee2008@example.com,3110.74
Olivia Smith 2009,employee2009@example.com,3112.11
William Smith 2010,employee2010@example.com,3113.48
John Brown 2011,employee2011@example.com,3114.85
David Brown 2012,employee2012@example.com,3116.22
Sarah Brown 2013,employee2013@example.com,3117.59
Michael Brown 2014,employee2014@example.com,3118.96
Emily Brown 2015,employee2015@example.com,3000.32
Daniel Brown 2016,employee2016@example.com,3001.69
Sophia Brown 2017,employee2017@example.com,3003.06
James Brown 2018,employee2018@example.com,3004.43
Olivia Brown 2019,employee2019@example.com,3005.80
William Brown 2020,employee2020@example.com,3007.17
John Wilson 2021,employee2021@example.com,3008.54
David Wilson 2022,employee2022@example.com,3009.91
Sarah Wilson 2023,employee2023@example.com,3011.28
Michael Wilson 2024,employee2024@example.com,3012.65
Emily Wilson 2025,employee2025@example.com,3014.02
Daniel Wilson 2026,employee2026@example.com,3015.39
Sophia Wilson 2027,employee2027@example.com,3016.76
James Wilson 2028,employee2028@example.com,3018.13
Olivia Wilson 2029,employee2029@example.com,3019.50
William Wilson 2030,employee2030@example.com,3020.87
John Taylor 2031,employee2031@example.com,3022.24
David Taylor 2032,employee2032@example.com,3023.61
Sarah Taylor 2033,employee2033@example.com,3024.98
Michael Taylor 2034,employee2034@example.com,3026.35
Emily Taylor 2035,employee2035@example.com,3027.72
Daniel Taylor 2036,employee2036@example.com,3029.09
Sophia Taylor 2037,employee2037@example.com,3030.46
James Taylor 2038,employee2038@example.com,3031.83
Olivia Taylor 2039,employee2039@example.com,3033.20
William Taylor 2040,employee2040@example.com,3034.57
John Anderson 2041,employee2041@example.com,3035.94
David Anderson 2042,employee2042@example.com,3037.31
Sarah Anderson 2043,employee2043@example.com,3038.68
Michael Anderson 2044,employee2044@example.com,3040.05
Emily Anderson 2045,employee2045@example.com,3041.42
Daniel Anderson 2046,employee2046@example.com,3042.79
Sophia Anderson 2047,employee2047@example.com,3044.16
James Anderson 2048,employee2048@example.com,3045.53
Olivia Anderson 2049,employee2049@example.com,3046.90
William Anderson 2050,employee2050@example.com,3048.27
John Thomas 2051,employee2051@example.com,3049.64
David Thomas 2052,employee2052@example.com,3051.01
Sarah Thomas 2053,employee2053@example.com,3052.38
Michael Thomas 2054,employee2054@example.com,3053.75
Emily Thomas 2055,employee2055@example.com,3055.12
Daniel Thomas 2056,employee2056@example.com,3056.49
Sophia Thomas 2057,employee2057@example.com,3057.86
James Thomas 2058,employee2058@example.com,3059.23
Olivia Thomas 2059,employee2059@example.com,3060.60
William Thomas 2060,employee2060@example.com,3061.97
John Jackson 2061,employee2061@example.com,3063.34
David Jackson 2062,employee2062@example.com,3064.71
Sarah Jackson 2063,employee2063@example.com,3066.08
Michael Jackson 2064,employee2064@example.com,3067.45
Emily Jackson 2065,employee2065@example.com,3068.82
Daniel Jackson 2066,employee2066@example.com,3070.19
Sophia Jackson 2067,employee2067@example.com,3071.56
James Jackson 2068,employee2068@example.com,3072.93
Olivia Jackson 2069,employee2069@example.com,3074.30
William Jackson 2070,employee2070@example.com,3075.67
John White 2071,employee2071@example.com,3077.04
David White 2072,employee2072@example.com,3078.41
Sarah White 2073,employee2073@example.com,3079.78
Michael White 2074,employee2074@example.com,3081.15
Emily White 2075,employee2075@example.com,3082.52
Daniel White 2076,employee2076@example.com,3083.89
Sophia White 2077,employee2077@example.com,3085.26
James White 2078,employee2078@example.com,3086.63
Olivia White 2079,employee2079@example.com,3088.00
William White 2080,employee2080@example.com,3089.37
John Harris 2081,employee2081@example.com,3090.74
David Harris 2082,employee2082@example.com,3092.11
Sarah Harris 2083,employee2083@example.com,3093.48
Michael Harris 2084,employee2084@example.com,3094.85
Emily Harris 2085,employee2085@example.com,3096.22
Daniel Harris 2086,employee2086@example.com,3097.59
Sophia Harris 2087,employee2087@example.com,3098.96
James Harris 2088,employee2088@example.com,3100.33
Olivia Harris 2089,employee2089@example.com,3101.70
William Harris 2090,employee2090@example.com,3103.07
John Martin 2091,employee2091@example.com,3104.44
David Martin 2092,employee2092@example.com,3105.81
Sarah Martin 2093,employee2093@example.com,3107.18
Michael Martin 2094,employee2094@example.com,3108.55
Emily Martin 2095,employee2095@example.com,3109.92
Daniel Martin 2096,employee2096@example.com,3111.29
Sophia Martin 2097,employee2097@example.com,3112.66
James Martin 2098,employee2098@example.com,3114.03
Olivia Martin 2099,employee2099@example.com,3115.40
William Martin 2100,employee2100@example.com,3116.77
John Smith 2101,employee2101@example.com,3118.14
David Smith 2102,employee2102@example.com,3119.51
Sarah Smith 2103,employee2103@example.com,3000.87
Michael Smith 2104,employee2104@example.com,3002.24
Emily Smith 2105,employee2105@example.com,3003.61
Daniel Smith 2106,employee2106@example.com,3004.98
Sophia Smith 2107,employee2107@example.com,3006.35
James Smith 2108,employee2108@example.com,3007.72
Olivia Smith 2109,employee2109@example.com,3009.09
William Smith 2110,employee2110@example.com,3010.46
John Brown 2111,employee2111@example.com,3011.83
David Brown 2112,employee2112@example.com,3013.20
Sarah Brown 2113,employee2113@example.com,3014.57
Michael Brown 2114,employee2114@example.com,3015.94
Emily Brown 2115,employee2115@example.com,3017.31
Daniel Brown 2116,employee2116@example.com,3018.68
Sophia Brown 2117,employee2117@example.com,3020.05
James Brown 2118,employee2118@example.com,3021.42
Olivia Brown 2119,employee2119@example.com,3022.79
William Brown 2120,employee2120@example.com,3024.16
John Wilson 2121,employee2121@example.com,3025.53
David Wilson 2122,employee2122@example.com,3026.90
Sarah Wilson 2123,employee2123@example.com,3028.27
Michael Wilson 2124,employee2124@example.com,3029.64
Emily Wilson 2125,employee2125@example.com,3031.01
Daniel Wilson 2126,employee2126@example.com,3032.38
Sophia Wilson 2127,employee2127@example.com,3033.75
James Wilson 2128,employee2128@example.com,3035.12
Olivia Wilson 2129,employee2129@example.com,3036.49
William Wilson 2130,employee2130@example.com,3037.86
John Taylor 2131,employee2131@example.com,3039.23
David Taylor 2132,employee2132@example.com,3040.60
Sarah Taylor 2133,employee2133@example.com,3041.97
Michael Taylor 2134,employee2134@example.com,3043.34
Emily Taylor 2135,employee2135@example.com,3044.71
Daniel Taylor 2136,employee2136@example.com,3046.08
Sophia Taylor 2137,employee2137@example.com,3047.45
James Taylor 2138,employee2138@example.com,3048.82
Olivia Taylor 2139,employee2139@example.com,3050.19
William Taylor 2140,employee2140@example.com,3051.56
John Anderson 2141,employee2141@example.com,3052.93
David Anderson 2142,employee2142@example.com,3054.30
Sarah Anderson 2143,employee2143@example.com,3055.67
Michael Anderson 2144,employee2144@example.com,3057.04
Emily Anderson 2145,employee2145@example.com,3058.41
Daniel Anderson 2146,employee2146@example.com,3059.78
Sophia Anderson 2147,employee2147@example.com,3061.15
James Anderson 2148,employee2148@example.com,3062.52
Olivia Anderson 2149,employee2149@example.com,3063.89
William Anderson 2150,employee2150@example.com,3065.26
John Thomas 2151,employee2151@example.com,3066.63
David Thomas 2152,employee2152@example.com,3068.00
Sarah Thomas 2153,employee2153@example.com,3069.37
Michael Thomas 2154,employee2154@example.com,3070.74
Emily Thomas 2155,employee2155@example.com,3072.11
Daniel Thomas 2156,employee2156@example.com,3073.48
Sophia Thomas 2157,employee2157@example.com,3074.85
James Thomas 2158,employee2158@example.com,3076.22
Olivia Thomas 2159,employee2159@example.com,3077.59
William Thomas 2160,employee2160@example.com,3078.96
John Jackson 2161,employee2161@example.com,3080.33
David Jackson 2162,employee2162@example.com,3081.70
Sarah Jackson 2163,employee2163@example.com,3083.07
Michael Jackson 2164,employee2164@example.com,3084.44
Emily Jackson 2165,employee2165@example.com,3085.81
Daniel Jackson 2166,employee2166@example.com,3087.18
Sophia Jackson 2167,employee2167@example.com,3088.55
James Jackson 2168,employee2168@example.com,3089.92
Olivia Jackson 2169,employee2169@example.com,3091.29
William Jackson 2170,employee2170@example.com,3092.66
John White 2171,employee2171@example.com,3094.03
David White 2172,employee2172@example.com,3095.40
Sarah White 2173,employee2173@example.com,3096.77
Michael White 2174,employee2174@example.com,3098.14
Emily White 2175,employee2175@example.com,3099.51
Daniel White 2176,employee2176@example.com,3100.88
Sophia White 2177,employee2177@example.com,3102.25
James White 2178,employee2178@example.com,3103.62
Olivia White 2179,employee2179@example.com,3104.99
William White 2180,employee2180@example.com,3106.36
John Harris 2181,employee2181@example.com,3107.73
David Harris 2182,employee2182@example.com,3109.10
Sarah Harris 2183,employee2183@example.com,3110.47
Michael Harris 2184,employee2184@example.com,3111.84
Emily Harris 2185,employee2185@example.com,3113.21
Daniel Harris 2186,employee2186@example.com,3114.58
Sophia Harris 2187,employee2187@example.com,3115.95
James Harris 2188,employee2188@example.com,3117.32
Olivia Harris 2189,employee2189@example.com,3118.69
William Harris 2190,employee2190@example.com,3000.05
John Martin 2191,employee2191@example.com,3001.42
David Martin 2192,employee2192@example.com,3002.79
Sarah Martin 2193,employee2193@example.com,3004.16
Michael Martin 2194,employee2194@example.com,3005.53
Emily Martin 2195,employee2195@example.com,3006.90
Daniel Martin 2196,employee2196@example.com,3008.27
Sophia Martin 2197,employee2197@example.com,3009.64
James Martin 2198,employee2198@example.com,3011.01
Olivia Martin 2199,employee2199@example.com,3012.38
William Martin 2200,employee2200@example.com,3013.75
John Smith 2201,employee2201@example.com,3015.12
David Smith 2202,employee2202@example.com,3016.49
Sarah Smith 2203,employee2203@example.com,3017.86
Michael Smith 2204,employee2204@example.com,3019.23
Emily Smith 2205,employee2205@example.com,3020.60
Daniel Smith 2206,employee2206@example.com,3021.97
Sophia Smith 2207,employee2207@example.com,3023.34
James Smith 2208,employee2208@example.com,3024.71
Olivia Smith 2209,employee2209@example.com,3026.08
William Smith 2210,employee2210@example.com,3027.45
John Brown 2211,employee2211@example.com,3028.82
David Brown 2212,employee2212@example.com,3030.19
Sarah Brown 2213,employee2213@example.com,3031.56
Michael Brown 2214,employee2214@example.com,3032.93
Emily Brown 2215,employee2215@example.com,3034.30
Daniel Brown 2216,employee2216@example.com,3035.67
Sophia Brown 2217,employee2217@example.com,3037.04
James Brown 2218,employee2218@example.com,3038.41
Olivia Brown 2219,employee2219@example.com,3039.78
William Brown 2220,employee2220@example.com,3041.15
John Wilson 2221,employee2221@example.com,3042.52
David Wilson 2222,employee2222@example.com,3043.89
Sarah Wilson 2223,employee2223@example.com,3045.26
Michael Wilson 2224,employee2224@example.com,3046.63
Emily Wilson 2225,employee2225@example.com,3048.00
Daniel Wilson 2226,employee2226@example.com,3049.37
Sophia Wilson 2227,employee2227@example.com,3050.74
James Wilson 2228,employee2228@example.com,3052.11
Olivia Wilson 2229,employee2229@example.com,3053.48
William Wilson 2230,employee2230@example.com,3054.85
John Taylor 2231,employee2231@example.com,3056.22
David Taylor 2232,employee2232@example.com,3057.59
Sarah Taylor 2233,employee2233@example.com,3058.96
Michael Taylor 2234,employee2234@example.com,3060.33
Emily Taylor 2235,employee2235@example.com,3061.70
Daniel Taylor 2236,employee2236@example.com,3063.07
Sophia Taylor 2237,employee2237@example.com,3064.44
James Taylor 2238,employee2238@example.com,3065.81
Olivia Taylor 2239,employee2239@example.com,3067.18
William Taylor 2240,employee2240@example.com,3068.55
John Anderson 2241,employee2241@example.com,3069.92
David Anderson 2242,employee2242@example.com,3071.29
Sarah Anderson 2243,employee2243@example.com,3072.66
Michael Anderson 2244,employee2244@example.com,3074.03
Emily Anderson 2245,employee2245@example.com,3075.40
Daniel Anderson 2246,employee2246@example.com,3076.77
Sophia Anderson 2247,employee2247@example.com,3078.14
James Anderson 2248,employee2248@example.com,3079.51
Olivia Anderson 2249,employee2249@example.com,3080.88
William Anderson 2250,employee2250@example.com,3082.25
John Thomas 2251,employee2251@example.com,3083.62
David Thomas 2252,employee2252@example.com,3084.99
Sarah Thomas 2253,employee2253@example.com,3086.36
Michael Thomas 2254,employee2254@example.com,3087.73
Emily Thomas 2255,employee2255@example.com,3089.10
Daniel Thomas 2256,employee2256@example.com,3090.47
Sophia Thomas 2257,employee2257@example.com,3091.84
James Thomas 2258,employee2258@example.com,3093.21
Olivia Thomas 2259,employee2259@example.com,3094.58
William Thomas 2260,employee2260@example.com,3095.95
John Jackson 2261,employee2261@example.com,3097.32
David Jackson 2262,employee2262@example.com,3098.69
Sarah Jackson 2263,employee2263@example.com,3100.06
Michael Jackson 2264,employee2264@example.com,3101.43
Emily Jackson 2265,employee2265@example.com,3102.80
Daniel Jackson 2266,employee2266@example.com,3104.17
Sophia Jackson 2267,employee2267@example.com,3105.54
James Jackson 2268,employee2268@example.com,3106.91
Olivia Jackson 2269,employee2269@example.com,3108.28
William Jackson 2270,employee2270@example.com,3109.65
John White 2271,employee2271@example.com,3111.02
David White 2272,employee2272@example.com,3112.39
Sarah White 2273,employee2273@example.com,3113.76
Michael White 2274,employee2274@example.com,3115.13
Emily White 2275,employee2275@example.com,3116.50
Daniel White 2276,employee2276@example.com,3117.87
Sophia White 2277,employee2277@example.com,3119.24
James White 2278,employee2278@example.com,3000.60
Olivia White 2279,employee2279@example.com,3001.97
William White 2280,employee2280@example.com,3003.34
John Harris 2281,employee2281@example.com,3004.71
David Harris 2282,employee2282@example.com,3006.08
Sarah Harris 2283,employee2283@example.com,3007.45
Michael Harris 2284,employee2284@example.com,3008.82
Emily Harris 2285,employee2285@example.com,3010.19
Daniel Harris 2286,employee2286@example.com,3011.56
Sophia Harris 2287,employee2287@example.com,3012.93
James Harris 2288,employee2288@example.com,3014.30
Olivia Harris 2289,employee2289@example.com,3015.67
William Harris 2290,employee2290@example.com,3017.04
John Martin 2291,employee2291@example.com,3018.41
David Martin 2292,employee2292@example.com,3019.78
Sarah Martin 2293,employee2293@example.com,3021.15
Michael Martin 2294,employee2294@example.com,3022.52
Emily Martin 2295,employee2295@example.com,3023.89
Daniel Martin 2296,employee2296@example.com,3025.26
Sophia Martin 2297,employee2297@example.com,3026.63
James Martin 2298,employee2298@example.com,3028.00
Olivia Martin 2299,employee2299@example.com,3029.37
William Martin 2300,employee2300@example.com,3030.74
John Smith 2301,employee2301@example.com,3032.11
David Smith 2302,employee2302@example.com,3033.48
Sarah Smith 2303,employee2303@example.com,3034.85
Michael Smith 2304,employee2304@example.com,3036.22
Emily Smith 2305,employee2305@example.com,3037.59
Daniel Smith 2306,employee2306@example.com,3038.96
Sophia Smith 2307,employee2307@example.com,3040.33
James Smith 2308,employee2308@example.com,3041.70
Olivia Smith 2309,employee2309@example.com,3043.07
William Smith 2310,employee2310@example.com,3044.44
John Brown 2311,employee2311@example.com,3045.81
David Brown 2312,employee2312@example.com,3047.18
Sarah Brown 2313,employee2313@example.com,3048.55
Michael Brown 2314,employee2314@example.com,3049.92
Emily Brown 2315,employee2315@example.com,3051.29
Daniel Brown 2316,employee2316@example.com,3052.66
Sophia Brown 2317,employee2317@example.com,3054.03
James Brown 2318,employee2318@example.com,3055.40
Olivia Brown 2319,employee2319@example.com,3056.77
William Brown 2320,employee2320@example.com,3058.14
John Wilson 2321,employee2321@example.com,3059.51
David Wilson 2322,employee2322@example.com,3060.88
Sarah Wilson 2323,employee2323@example.com,3062.25
Michael Wilson 2324,employee2324@example.com,3063.62
Emily Wilson 2325,employee2325@example.com,3064.99
Daniel Wilson 2326,employee2326@example.com,3066.36
Sophia Wilson 2327,employee2327@example.com,3067.73
James Wilson 2328,employee2328@example.com,3069.10
Olivia Wilson 2329,employee2329@example.com,3070.47
William Wilson 2330,employee2330@example.com,3071.84
John Taylor 2331,employee2331@example.com,3073.21
David Taylor 2332,employee2332@example.com,3074.58
Sarah Taylor 2333,employee2333@example.com,3075.95
Michael Taylor 2334,employee2334@example.com,3077.32
Emily Taylor 2335,employee2335@example.com,3078.69
Daniel Taylor 2336,employee2336@example.com,3080.06
Sophia Taylor 2337,employee2337@example.com,3081.43
James Taylor 2338,employee2338@example.com,3082.80
Olivia Taylor 2339,employee2339@example.com,3084.17
William Taylor 2340,employee2340@example.com,3085.54
John Anderson 2341,employee2341@example.com,3086.91
David Anderson 2342,employee2342@example.com,3088.28
Sarah Anderson 2343,employee2343@example.com,3089.65
Michael Anderson 2344,employee2344@example.com,3091.02
Emily Anderson 2345,employee2345@example.com,3092.39
Daniel Anderson 2346,employee2346@example.com,3093.76
Sophia Anderson 2347,employee2347@example.com,3095.13
James Anderson 2348,employee2348@example.com,3096.50
Olivia Anderson 2349,employee2349@example.com,3097.87
William Anderson 2350,employee2350@example.com,3099.24
John Thomas 2351,employee2351@example.com,3100.61
David Thomas 2352,employee2352@example.com,3101.98
Sarah Thomas 2353,employee2353@example.com,3103.35
Michael Thomas 2354,employee2354@example.com,3104.72
Emily Thomas 2355,employee2355@example.com,3106.09
Daniel Thomas 2356,employee2356@example.com,3107.46
Sophia Thomas 2357,employee2357@example.com,3108.83
James Thomas 2358,employee2358@example.com,3110.20
Olivia Thomas 2359,employee2359@example.com,3111.57
William Thomas 2360,employee2360@example.com,3112.94
John Jackson 2361,employee2361@example.com,3114.31
David Jackson 2362,employee2362@example.com,3115.68
Sarah Jackson 2363,employee2363@example.com,3117.05
Michael Jackson 2364,employee2364@example.com,3118.42
Emily Jackson 2365,employee2365@example.com,3119.79
Daniel Jackson 2366,employee2366@example.com,3001.15
Sophia Jackson 2367,employee2367@example.com,3002.52
James Jackson 2368,employee2368@example.com,3003.89
Olivia Jackson 2369,employee2369@example.com,3005.26
William Jackson 2370,employee2370@example.com,3006.63
John White 2371,employee2371@example.com,3008.00
David White 2372,employee2372@example.com,3009.37
Sarah White 2373,employee2373@example.com,3010.74
Michael White 2374,employee2374@example.com,3012.11
Emily White 2375,employee2375@example.com,3013.48
Daniel White 2376,employee2376@example.com,3014.85
Sophia White 2377,employee2377@example.com,3016.22
James White 2378,employee2378@example.com,3017.59
Olivia White 2379,employee2379@example.com,3018.96
William White 2380,employee2380@example.com,3020.33
John Harris 2381,employee2381@example.com,3021.70
David Harris 2382,employee2382@example.com,3023.07
Sarah Harris 2383,employee2383@example.com,3024.44
Michael Harris 2384,employee2384@example.com,3025.81
Emily Harris 2385,employee2385@example.com,3027.18
Daniel Harris 2386,employee2386@example.com,3028.55
Sophia Harris 2387,employee2387@example.com,3029.92
James Harris 2388,employee2388@example.com,3031.29
Olivia Harris 2389,employee2389@example.com,3032.66
William Harris 2390,employee2390@example.com,3034.03
John Martin 2391,employee2391@example.com,3035.40
David Martin 2392,employee2392@example.com,3036.77
Sarah Martin 2393,employee2393@example.com,3038.14
Michael Martin 2394,employee2394@example.com,3039.51
Emily Martin 2395,employee2395@example.com,3040.88
Daniel Martin 2396,employee2396@example.com,3042.25
Sophia Martin 2397,employee2397@example.com,3043.62
James Martin 2398,employee2398@example.com,3044.99
Olivia Martin 2399,employee2399@example.com,3046.36
William Martin 2400,employee2400@example.com,3047.73
John Smith 2401,employee2401@example.com,3049.10
David Smith 2402,employee2402@example.com,3050.47
Sarah Smith 2403,employee2403@example.com,3051.84
Michael Smith 2404,employee2404@example.com,3053.21
Emily Smith 2405,employee2405@example.com,3054.58
Daniel Smith 2406,employee2406@example.com,3055.95
Sophia Smith 2407,employee2407@example.com,3057.32
James Smith 2408,employee2408@example.com,3058.69
Olivia Smith 2409,employee2409@example.com,3060.06
William Smith 2410,employee2410@example.com,3061.43
John Brown 2411,employee2411@example.com,3062.80
David Brown 2412,employee2412@example.com,3064.17
Sarah Brown 2413,employee2413@example.com,3065.54
Michael Brown 2414,employee2414@example.com,3066.91
Emily Brown 2415,employee2415@example.com,3068.28
Daniel Brown 2416,employee2416@example.com,3069.65
Sophia Brown 2417,employee2417@example.com,3071.02
James Brown 2418,employee2418@example.com,3072.39
Olivia Brown 2419,employee2419@example.com,3073.76
William Brown 2420,employee2420@example.com,3075.13
John Wilson 2421,employee2421@example.com,3076.50
David Wilson 2422,employee2422@example.com,3077.87
Sarah Wilson 2423,employee2423@example.com,3079.24
Michael Wilson 2424,employee2424@example.com,3080.61
Emily Wilson 2425,employee2425@example.com,3081.98
Daniel Wilson 2426,employee2426@example.com,3083.35
Sophia Wilson 2427,employee2427@example.com,3084.72
James Wilson 2428,employee2428@example.com,3086.09
Olivia Wilson 2429,employee2429@example.com,3087.46
William Wilson 2430,employee2430@example.com,3088.83
John Taylor 2431,employee2431@example.com,3090.20
David Taylor 2432,employee2432@example.com,3091.57
Sarah Taylor 2433,employee2433@example.com,3092.94
Michael Taylor 2434,employee2434@example.com,3094.31
Emily Taylor 2435,employee2435@example.com,3095.68
Daniel Taylor 2436,employee2436@example.com,3097.05
Sophia Taylor 2437,employee2437@example.com,3098.42
James Taylor 2438,employee2438@example.com,3099.79
Olivia Taylor 2439,employee2439@example.com,3101.16
William Taylor 2440,employee2440@example.com,3102.53
John Anderson 2441,employee2441@example.com,3103.90
David Anderson 2442,employee2442@example.com,3105.27
Sarah Anderson 2443,employee2443@example.com,3106.64
Michael Anderson 2444,employee2444@example.com,3108.01
Emily Anderson 2445,employee2445@example.com,3109.38
Daniel Anderson 2446,employee2446@example.com,3110.75
Sophia Anderson 2447,employee2447@example.com,3112.12
James Anderson 2448,employee2448@example.com,3113.49
Olivia Anderson 2449,employee2449@example.com,3114.86
William Anderson 2450,employee2450@example.com,3116.23
John Thomas 2451,employee2451@example.com,3117.60
David Thomas 2452,employee2452@example.com,3118.97
Sarah Thomas 2453,employee2453@example.com,3000.33
Michael Thomas 2454,employee2454@example.com,3001.70
Emily Thomas 2455,employee2455@example.com,3003.07
Daniel Thomas 2456,employee2456@example.com,3004.44
Sophia Thomas 2457,employee2457@example.com,3005.81
James Thomas 2458,employee2458@example.com,3007.18
Olivia Thomas 2459,employee2459@example.com,3008.55
William Thomas 2460,employee2460@example.com,3009.92
John Jackson 2461,employee2461@example.com,3011.29
David Jackson 2462,employee2462@example.com,3012.66
Sarah Jackson 2463,employee2463@example.com,3014.03
Michael Jackson 2464,employee2464@example.com,3015.40
Emily Jackson 2465,employee2465@example.com,3016.77
Daniel Jackson 2466,employee2466@example.com,3018.14
Sophia Jackson 2467,employee2467@example.com,3019.51
James Jackson 2468,employee2468@example.com,3020.88
Olivia Jackson 2469,employee2469@example.com,3022.25
William Jackson 2470,employee2470@example.com,3023.62
John White 2471,employee2471@example.com,3024.99
David White 2472,employee2472@example.com,3026.36
Sarah White 2473,employee2473@example.com,3027.73
Michael White 2474,employee2474@example.com,3029.10
Emily White 2475,employee2475@example.com,3030.47
Daniel White 2476,employee2476@example.com,3031.84
Sophia White 2477,employee2477@example.com,3033.21
James White 2478,employee2478@example.com,3034.58
Olivia White 2479,employee2479@example.com,3035.95
William White 2480,employee2480@example.com,3037.32
John Harris 2481,employee2481@example.com,3038.69
David Harris 2482,employee2482@example.com,3040.06
Sarah Harris 2483,employee2483@example.com,3041.43
Michael Harris 2484,employee2484@example.com,3042.80
Emily Harris 2485,employee2485@example.com,3044.17
Daniel Harris 2486,employee2486@example.com,3045.54
Sophia Harris 2487,employee2487@example.com,3046.91
James Harris 2488,employee2488@example.com,3048.28
Olivia Harris 2489,employee2489@example.com,3049.65
William Harris 2490,employee2490@example.com,3051.02
John Martin 2491,employee2491@example.com,3052.39
David Martin 2492,employee2492@example.com,3053.76
Sarah Martin 2493,employee2493@example.com,3055.13
Michael Martin 2494,employee2494@example.com,3056.50
Emily Martin 2495,employee2495@example.com,3057.87
Daniel Martin 2496,employee2496@example.com,3059.24
Sophia Martin 2497,employee2497@example.com,3060.61
James Martin 2498,employee2498@example.com,3061.98
Olivia Martin 2499,employee2499@example.com,3063.35
William Martin 2500,employee2500@example.com,3064.72
John Smith 2501,employee2501@example.com,3066.09
David Smith 2502,employee2502@example.com,3067.46
Sarah Smith 2503,employee2503@example.com,3068.83
Michael Smith 2504,employee2504@example.com,3070.20
Emily Smith 2505,employee2505@example.com,3071.57
Daniel Smith 2506,employee2506@example.com,3072.94
Sophia Smith 2507,employee2507@example.com,3074.31
James Smith 2508,employee2508@example.com,3075.68
Olivia Smith 2509,employee2509@example.com,3077.05
William Smith 2510,employee2510@example.com,3078.42
John Brown 2511,employee2511@example.com,3079.79
David Brown 2512,employee2512@example.com,3081.16
Sarah Brown 2513,employee2513@example.com,3082.53
Michael Brown 2514,employee2514@example.com,3083.90
Emily Brown 2515,employee2515@example.com,3085.27
Daniel Brown 2516,employee2516@example.com,3086.64
Sophia Brown 2517,employee2517@example.com,3088.01
James Brown 2518,employee2518@example.com,3089.38
Olivia Brown 2519,employee2519@example.com,3090.75
William Brown 2520,employee2520@example.com,3092.12
John Wilson 2521,employee2521@example.com,3093.49
David Wilson 2522,employee2522@example.com,3094.86
Sarah Wilson 2523,employee2523@example.com,3096.23
Michael Wilson 2524,employee2524@example.com,3097.60
Emily Wilson 2525,employee2525@example.com,3098.97
Daniel Wilson 2526,employee2526@example.com,3100.34
Sophia Wilson 2527,employee2527@example.com,3101.71
James Wilson 2528,employee2528@example.com,3103.08
Olivia Wilson 2529,employee2529@example.com,3104.45
William Wilson 2530,employee2530@example.com,3105.82
John Taylor 2531,employee2531@example.com,3107.19
David Taylor 2532,employee2532@example.com,3108.56
Sarah Taylor 2533,employee2533@example.com,3109.93
Michael Taylor 2534,employee2534@example.com,3111.30
Emily Taylor 2535,employee2535@example.com,3112.67
Daniel Taylor 2536,employee2536@example.com,3114.04
Sophia Taylor 2537,employee2537@example.com,3115.41
James Taylor 2538,employee2538@example.com,3116.78
Olivia Taylor 2539,employee2539@example.com,3118.15
William Taylor 2540,employee2540@example.com,3119.52
John Anderson 2541,employee2541@example.com,3000.88
David Anderson 2542,employee2542@example.com,3002.25
Sarah Anderson 2543,employee2543@example.com,3003.62
Michael Anderson 2544,employee2544@example.com,3004.99
Emily Anderson 2545,employee2545@example.com,3006.36
Daniel Anderson 2546,employee2546@example.com,3007.73
Sophia Anderson 2547,employee2547@example.com,3009.10
James Anderson 2548,employee2548@example.com,3010.47
Olivia Anderson 2549,employee2549@example.com,3011.84
William Anderson 2550,employee2550@example.com,3013.21
John Thomas 2551,employee2551@example.com,3014.58
David Thomas 2552,employee2552@example.com,3015.95
Sarah Thomas 2553,employee2553@example.com,3017.32
Michael Thomas 2554,employee2554@example.com,3018.69
Emily Thomas 2555,employee2555@example.com,3020.06
Daniel Thomas 2556,employee2556@example.com,3021.43
Sophia Thomas 2557,employee2557@example.com,3022.80
James Thomas 2558,employee2558@example.com,3024.17
Olivia Thomas 2559,employee2559@example.com,3025.54
William Thomas 2560,employee2560@example.com,3026.91
John Jackson 2561,employee2561@example.com,3028.28
David Jackson 2562,employee2562@example.com,3029.65
Sarah Jackson 2563,employee2563@example.com,3031.02
Michael Jackson 2564,employee2564@example.com,3032.39
Emily Jackson 2565,employee2565@example.com,3033.76
Daniel Jackson 2566,employee2566@example.com,3035.13
Sophia Jackson 2567,employee2567@example.com,3036.50
James Jackson 2568,employee2568@example.com,3037.87
Olivia Jackson 2569,employee2569@example.com,3039.24
William Jackson 2570,employee2570@example.com,3040.61
John White 2571,employee2571@example.com,3041.98
David White 2572,employee2572@example.com,3043.35
Sarah White 2573,employee2573@example.com,3044.72
Michael White 2574,employee2574@example.com,3046.09
Emily White 2575,employee2575@example.com,3047.46
Daniel White 2576,employee2576@example.com,3048.83
Sophia White 2577,employee2577@example.com,3050.20
James White 2578,employee2578@example.com,3051.57
Olivia White 2579,employee2579@example.com,3052.94
William White 2580,employee2580@example.com,3054.31
John Harris 2581,employee2581@example.com,3055.68
David Harris 2582,employee2582@example.com,3057.05
Sarah Harris 2583,employee2583@example.com,3058.42
Michael Harris 2584,employee2584@example.com,3059.79
Emily Harris 2585,employee2585@example.com,3061.16
Daniel Harris 2586,employee2586@example.com,3062.53
Sophia Harris 2587,employee2587@example.com,3063.90
James Harris 2588,employee2588@example.com,3065.27
Olivia Harris 2589,employee2589@example.com,3066.64
William Harris 2590,employee2590@example.com,3068.01
John Martin 2591,employee2591@example.com,3069.38
David Martin 2592,employee2592@example.com,3070.75
Sarah Martin 2593,employee2593@example.com,3072.12
Michael Martin 2594,employee2594@example.com,3073.49
Emily Martin 2595,employee2595@example.com,3074.86
Daniel Martin 2596,employee2596@example.com,3076.23
Sophia Martin 2597,employee2597@example.com,3077.60
James Martin 2598,employee2598@example.com,3078.97
Olivia Martin 2599,employee2599@example.com,3080.34
William Martin 2600,employee2600@example.com,3081.71
John Smith 2601,employee2601@example.com,3083.08
David Smith 2602,employee2602@example.com,3084.45
Sarah Smith 2603,employee2603@example.com,3085.82
Michael Smith 2604,employee2604@example.com,3087.19
Emily Smith 2605,employee2605@example.com,3088.56
Daniel Smith 2606,employee2606@example.com,3089.93
Sophia Smith 2607,employee2607@example.com,3091.30
James Smith 2608,employee2608@example.com,3092.67
Olivia Smith 2609,employee2609@example.com,3094.04
William Smith 2610,employee2610@example.com,3095.41
John Brown 2611,employee2611@example.com,3096.78
David Brown 2612,employee2612@example.com,3098.15
Sarah Brown 2613,employee2613@example.com,3099.52
Michael Brown 2614,employee2614@example.com,3100.89
Emily Brown 2615,employee2615@example.com,3102.26
Daniel Brown 2616,employee2616@example.com,3103.63
Sophia Brown 2617,employee2617@example.com,3105.00
James Brown 2618,employee2618@example.com,3106.37
Olivia Brown 2619,employee2619@example.com,3107.74
William Brown 2620,employee2620@example.com,3109.11
John Wilson 2621,employee2621@example.com,3110.48
David Wilson 2622,employee2622@example.com,3111.85
Sarah Wilson 2623,employee2623@example.com,3113.22
Michael Wilson 2624,employee2624@example.com,3114.59
Emily Wilson 2625,employee2625@example.com,3115.96
Daniel Wilson 2626,employee2626@example.com,3117.33
Sophia Wilson 2627,employee2627@example.com,3118.70
James Wilson 2628,employee2628@example.com,3000.06
Olivia Wilson 2629,employee2629@example.com,3001.43
William Wilson 2630,employee2630@example.com,3002.80
John Taylor 2631,employee2631@example.com,3004.17
David Taylor 2632,employee2632@example.com,3005.54
Sarah Taylor 2633,employee2633@example.com,3006.91
Michael Taylor 2634,employee2634@example.com,3008.28
Emily Taylor 2635,employee2635@example.com,3009.65
Daniel Taylor 2636,employee2636@example.com,3011.02
Sophia Taylor 2637,employee2637@example.com,3012.39
James Taylor 2638,employee2638@example.com,3013.76
Olivia Taylor 2639,employee2639@example.com,3015.13
William Taylor 2640,employee2640@example.com,3016.50
John Anderson 2641,employee2641@example.com,3017.87
David Anderson 2642,employee2642@example.com,3019.24
Sarah Anderson 2643,employee2643@example.com,3020.61
Michael Anderson 2644,employee2644@example.com,3021.98
Emily Anderson 2645,employee2645@example.com,3023.35
Daniel Anderson 2646,employee2646@example.com,3024.72
Sophia Anderson 2647,employee2647@example.com,3026.09
James Anderson 2648,employee2648@example.com,3027.46
Olivia Anderson 2649,employee2649@example.com,3028.83
William Anderson 2650,employee2650@example.com,3030.20
John Thomas 2651,employee2651@example.com,3031.57
David Thomas 2652,employee2652@example.com,3032.94
Sarah Thomas 2653,employee2653@example.com,3034.31
Michael Thomas 2654,employee2654@example.com,3035.68
Emily Thomas 2655,employee2655@example.com,3037.05
Daniel Thomas 2656,employee2656@example.com,3038.42
Sophia Thomas 2657,employee2657@example.com,3039.79
James Thomas 2658,employee2658@example.com,3041.16
Olivia Thomas 2659,employee2659@example.com,3042.53
William Thomas 2660,employee2660@example.com,3043.90
John Jackson 2661,employee2661@example.com,3045.27
David Jackson 2662,employee2662@example.com,3046.64
Sarah Jackson 2663,employee2663@example.com,3048.01
Michael Jackson 2664,employee2664@example.com,3049.38
Emily Jackson 2665,employee2665@example.com,3050.75
Daniel Jackson 2666,employee2666@example.com,3052.12
Sophia Jackson 2667,employee2667@example.com,3053.49
James Jackson 2668,employee2668@example.com,3054.86
Olivia Jackson 2669,employee2669@example.com,3056.23
William Jackson 2670,employee2670@example.com,3057.60
John White 2671,employee2671@example.com,3058.97
David White 2672,employee2672@example.com,3060.34
Sarah White 2673,employee2673@example.com,3061.71
Michael White 2674,employee2674@example.com,3063.08
Emily White 2675,employee2675@example.com,3064.45
Daniel White 2676,employee2676@example.com,3065.82
Sophia White 2677,employee2677@example.com,3067.19
James White 2678,employee2678@example.com,3068.56
Olivia White 2679,employee2679@example.com,3069.93
William White 2680,employee2680@example.com,3071.30
John Harris 2681,employee2681@example.com,3072.67
David Harris 2682,employee2682@example.com,3074.04
Sarah Harris 2683,employee2683@example.com,3075.41
Michael Harris 2684,employee2684@example.com,3076.78
Emily Harris 2685,employee2685@example.com,3078.15
Daniel Harris 2686,employee2686@example.com,3079.52
Sophia Harris 2687,employee2687@example.com,3080.89
James Harris 2688,employee2688@example.com,3082.26
Olivia Harris 2689,employee2689@example.com,3083.63
William Harris 2690,employee2690@example.com,3085.00
John Martin 2691,employee2691@example.com,3086.37
David Martin 2692,employee2692@example.com,3087.74
Sarah Martin 2693,employee2693@example.com,3089.11
Michael Martin 2694,employee2694@example.com,3090.48
Emily Martin 2695,employee2695@example.com,3091.85
Daniel Martin 2696,employee2696@example.com,3093.22
Sophia Martin 2697,employee2697@example.com,3094.59
James Martin 2698,employee2698@example.com,3095.96
Olivia Martin 2699,employee2699@example.com,3097.33
William Martin 2700,employee2700@example.com,3098.70
John Smith 2701,employee2701@example.com,3100.07
David Smith 2702,employee2702@example.com,3101.44
Sarah Smith 2703,employee2703@example.com,3102.81
Michael Smith 2704,employee2704@example.com,3104.18
Emily Smith 2705,employee2705@example.com,3105.55
Daniel Smith 2706,employee2706@example.com,3106.92
Sophia Smith 2707,employee2707@example.com,3108.29
James Smith 2708,employee2708@example.com,3109.66
Olivia Smith 2709,employee2709@example.com,3111.03
William Smith 2710,employee2710@example.com,3112.40
John Brown 2711,employee2711@example.com,3113.77
David Brown 2712,employee2712@example.com,3115.14
Sarah Brown 2713,employee2713@example.com,3116.51
Michael Brown 2714,employee2714@example.com,3117.88
Emily Brown 2715,employee2715@example.com,3119.25
Daniel Brown 2716,employee2716@example.com,3000.61
Sophia Brown 2717,employee2717@example.com,3001.98
James Brown 2718,employee2718@example.com,3003.35
Olivia Brown 2719,employee2719@example.com,3004.72
William Brown 2720,employee2720@example.com,3006.09
John Wilson 2721,employee2721@example.com,3007.46
David Wilson 2722,employee2722@example.com,3008.83
Sarah Wilson 2723,employee2723@example.com,3010.20
Michael Wilson 2724,employee2724@example.com,3011.57
Emily Wilson 2725,employee2725@example.com,3012.94
Daniel Wilson 2726,employee2726@example.com,3014.31
Sophia Wilson 2727,employee2727@example.com,3015.68
James Wilson 2728,employee2728@example.com,3017.05
Olivia Wilson 2729,employee2729@example.com,3018.42
William Wilson 2730,employee2730@example.com,3019.79
John Taylor 2731,employee2731@example.com,3021.16
David Taylor 2732,employee2732@example.com,3022.53
Sarah Taylor 2733,employee2733@example.com,3023.90
Michael Taylor 2734,employee2734@example.com,3025.27
Emily Taylor 2735,employee2735@example.com,3026.64
Daniel Taylor 2736,employee2736@example.com,3028.01
Sophia Taylor 2737,employee2737@example.com,3029.38
James Taylor 2738,employee2738@example.com,3030.75
Olivia Taylor 2739,employee2739@example.com,3032.12
William Taylor 2740,employee2740@example.com,3033.49
John Anderson 2741,employee2741@example.com,3034.86
David Anderson 2742,employee2742@example.com,3036.23
Sarah Anderson 2743,employee2743@example.com,3037.60
Michael Anderson 2744,employee2744@example.com,3038.97
Emily Anderson 2745,employee2745@example.com,3040.34
Daniel Anderson 2746,employee2746@example.com,3041.71
Sophia Anderson 2747,employee2747@example.com,3043.08
James Anderson 2748,employee2748@example.com,3044.45
Olivia Anderson 2749,employee2749@example.com,3045.82
William Anderson 2750,employee2750@example.com,3047.19
John Thomas 2751,employee2751@example.com,3048.56
David Thomas 2752,employee2752@example.com,3049.93
Sarah Thomas 2753,employee2753@example.com,3051.30
Michael Thomas 2754,employee2754@example.com,3052.67
Emily Thomas 2755,employee2755@example.com,3054.04
Daniel Thomas 2756,employee2756@example.com,3055.41
Sophia Thomas 2757,employee2757@example.com,3056.78
James Thomas 2758,employee2758@example.com,3058.15
Olivia Thomas 2759,employee2759@example.com,3059.52
William Thomas 2760,employee2760@example.com,3060.89
John Jackson 2761,employee2761@example.com,3062.26
David Jackson 2762,employee2762@example.com,3063.63
Sarah Jackson 2763,employee2763@example.com,3065.00
Michael Jackson 2764,employee2764@example.com,3066.37
Emily Jackson 2765,employee2765@example.com,3067.74
Daniel Jackson 2766,employee2766@example.com,3069.11
Sophia Jackson 2767,employee2767@example.com,3070.48
James Jackson 2768,employee2768@example.com,3071.85
Olivia Jackson 2769,employee2769@example.com,3073.22
William Jackson 2770,employee2770@example.com,3074.59
John White 2771,employee2771@example.com,3075.96
David White 2772,employee2772@example.com,3077.33
Sarah White 2773,employee2773@example.com,3078.70
Michael White 2774,employee2774@example.com,3080.07
Emily White 2775,employee2775@example.com,3081.44
Daniel White 2776,employee2776@example.com,3082.81
Sophia White 2777,employee2777@example.com,3084.18
James White 2778,employee2778@example.com,3085.55
Olivia White 2779,employee2779@example.com,3086.92
William White 2780,employee2780@example.com,3088.29
John Harris 2781,employee2781@example.com,3089.66
David Harris 2782,employee2782@example.com,3091.03
Sarah Harris 2783,employee2783@example.com,3092.40
Michael Harris 2784,employee2784@example.com,3093.77
Emily Harris 2785,employee2785@example.com,3095.14
Daniel Harris 2786,employee2786@example.com,3096.51
Sophia Harris 2787,employee2787@example.com,3097.88
James Harris 2788,employee2788@example.com,3099.25
Olivia Harris 2789,employee2789@example.com,3100.62
William Harris 2790,employee2790@example.com,3101.99
John Martin 2791,employee2791@example.com,3103.36
David Martin 2792,employee2792@example.com,3104.73
Sarah Martin 2793,employee2793@example.com,3106.10
Michael Martin 2794,employee2794@example.com,3107.47
Emily Martin 2795,employee2795@example.com,3108.84
Daniel Martin 2796,employee2796@example.com,3110.21
Sophia Martin 2797,employee2797@example.com,3111.58
James Martin 2798,employee2798@example.com,3112.95
Olivia Martin 2799,employee2799@example.com,3114.32
William Martin 2800,employee2800@example.com,3115.69
John Smith 2801,employee2801@example.com,3117.06
David Smith 2802,employee2802@example.com,3118.43
Sarah Smith 2803,employee2803@example.com,3119.80
Michael Smith 2804,employee2804@example.com,3001.16
Emily Smith 2805,employee2805@example.com,3002.53
Daniel Smith 2806,employee2806@example.com,3003.90
Sophia Smith 2807,employee2807@example.com,3005.27
James Smith 2808,employee2808@example.com,3006.64
Olivia Smith 2809,employee2809@example.com,3008.01
William Smith 2810,employee2810@example.com,3009.38
John Brown 2811,employee2811@example.com,3010.75
David Brown 2812,employee2812@example.com,3012.12
Sarah Brown 2813,employee2813@example.com,3013.49
Michael Brown 2814,employee2814@example.com,3014.86
Emily Brown 2815,employee2815@example.com,3016.23
Daniel Brown 2816,employee2816@example.com,3017.60
Sophia Brown 2817,employee2817@example.com,3018.97
James Brown 2818,employee2818@example.com,3020.34
Olivia Brown 2819,employee2819@example.com,3021.71
William Brown 2820,employee2820@example.com,3023.08
John Wilson 2821,employee2821@example.com,3024.45
David Wilson 2822,employee2822@example.com,3025.82
Sarah Wilson 2823,employee2823@example.com,3027.19
Michael Wilson 2824,employee2824@example.com,3028.56
Emily Wilson 2825,employee2825@example.com,3029.93
Daniel Wilson 2826,employee2826@example.com,3031.30
Sophia Wilson 2827,employee2827@example.com,3032.67
James Wilson 2828,employee2828@example.com,3034.04
Olivia Wilson 2829,employee2829@example.com,3035.41
William Wilson 2830,employee2830@example.com,3036.78
John Taylor 2831,employee2831@example.com,3038.15
David Taylor 2832,employee2832@example.com,3039.52
Sarah Taylor 2833,employee2833@example.com,3040.89
Michael Taylor 2834,employee2834@example.com,3042.26
Emily Taylor 2835,employee2835@example.com,3043.63
Daniel Taylor 2836,employee2836@example.com,3045.00
Sophia Taylor 2837,employee2837@example.com,3046.37
James Taylor 2838,employee2838@example.com,3047.74
Olivia Taylor 2839,employee2839@example.com,3049.11
William Taylor 2840,employee2840@example.com,3050.48
John Anderson 2841,employee2841@example.com,3051.85
David Anderson 2842,employee2842@example.com,3053.22
Sarah Anderson 2843,employee2843@example.com,3054.59
Michael Anderson 2844,employee2844@example.com,3055.96
Emily Anderson 2845,employee2845@example.com,3057.33
Daniel Anderson 2846,employee2846@example.com,3058.70
Sophia Anderson 2847,employee2847@example.com,3060.07
James Anderson 2848,employee2848@example.com,3061.44
Olivia Anderson 2849,employee2849@example.com,3062.81
William Anderson 2850,employee2850@example.com,3064.18
John Thomas 2851,employee2851@example.com,3065.55
David Thomas 2852,employee2852@example.com,3066.92
Sarah Thomas 2853,employee2853@example.com,3068.29
Michael Thomas 2854,employee2854@example.com,3069.66
Emily Thomas 2855,employee2855@example.com,3071.03
Daniel Thomas 2856,employee2856@example.com,3072.40
Sophia Thomas 2857,employee2857@example.com,3073.77
James Thomas 2858,employee2858@example.com,3075.14
Olivia Thomas 2859,employee2859@example.com,3076.51
William Thomas 2860,employee2860@example.com,3077.88
John Jackson 2861,employee2861@example.com,3079.25
David Jackson 2862,employee2862@example.com,3080.62
Sarah Jackson 2863,employee2863@example.com,3081.99
Michael Jackson 2864,employee2864@example.com,3083.36
Emily Jackson 2865,employee2865@example.com,3084.73
Daniel Jackson 2866,employee2866@example.com,3086.10
Sophia Jackson 2867,employee2867@example.com,3087.47
James Jackson 2868,employee2868@example.com,3088.84
Olivia Jackson 2869,employee2869@example.com,3090.21
William Jackson 2870,employee2870@example.com,3091.58
John White 2871,employee2871@example.com,3092.95
David White 2872,employee2872@example.com,3094.32
Sarah White 2873,employee2873@example.com,3095.69
Michael White 2874,employee2874@example.com,3097.06
Emily White 2875,employee2875@example.com,3098.43
Daniel White 2876,employee2876@example.com,3099.80
Sophia White 2877,employee2877@example.com,3101.17
James White 2878,employee2878@example.com,3102.54
Olivia White 2879,employee2879@example.com,3103.91
William White 2880,employee2880@example.com,3105.28
John Harris 2881,employee2881@example.com,3106.65
David Harris 2882,employee2882@example.com,3108.02
Sarah Harris 2883,employee2883@example.com,3109.39
Michael Harris 2884,employee2884@example.com,3110.76
Emily Harris 2885,employee2885@example.com,3112.13
Daniel Harris 2886,employee2886@example.com,3113.50
Sophia Harris 2887,employee2887@example.com,3114.87
James Harris 2888,employee2888@example.com,3116.24
Olivia Harris 2889,employee2889@example.com,3117.61
William Harris 2890,employee2890@example.com,3118.98
John Martin 2891,employee2891@example.com,3000.34
David Martin 2892,employee2892@example.com,3001.71
Sarah Martin 2893,employee2893@example.com,3003.08
Michael Martin 2894,employee2894@example.com,3004.45
Emily Martin 2895,employee2895@example.com,3005.82
Daniel Martin 2896,employee2896@example.com,3007.19
Sophia Martin 2897,employee2897@example.com,3008.56
James Martin 2898,employee2898@example.com,3009.93
Olivia Martin 2899,employee2899@example.com,3011.30
William Martin 2900,employee2900@example.com,3012.67
John Smith 2901,employee2901@example.com,3014.04
David Smith 2902,employee2902@example.com,3015.41
Sarah Smith 2903,employee2903@example.com,3016.78
Michael Smith 2904,employee2904@example.com,3018.15
Emily Smith 2905,employee2905@example.com,3019.52
Daniel Smith 2906,employee2906@example.com,3020.89
Sophia Smith 2907,employee2907@example.com,3022.26
James Smith 2908,employee2908@example.com,3023.63
Olivia Smith 2909,employee2909@example.com,3025.00
William Smith 2910,employee2910@example.com,3026.37
John Brown 2911,employee2911@example.com,3027.74
David Brown 2912,employee2912@example.com,3029.11
Sarah Brown 2913,employee2913@example.com,3030.48
Michael Brown 2914,employee2914@example.com,3031.85
Emily Brown 2915,employee2915@example.com,3033.22
Daniel Brown 2916,employee2916@example.com,3034.59
Sophia Brown 2917,employee2917@example.com,3035.96
James Brown 2918,employee2918@example.com,3037.33
Olivia Brown 2919,employee2919@example.com,3038.70
William Brown 2920,employee2920@example.com,3040.07
John Wilson 2921,employee2921@example.com,3041.44
David Wilson 2922,employee2922@example.com,3042.81
Sarah Wilson 2923,employee2923@example.com,3044.18
Michael Wilson 2924,employee2924@example.com,3045.55
Emily Wilson 2925,employee2925@example.com,3046.92
Daniel Wilson 2926,employee2926@example.com,3048.29
Sophia Wilson 2927,employee2927@example.com,3049.66
James Wilson 2928,employee2928@example.com,3051.03
Olivia Wilson 2929,employee2929@example.com,3052.40
William Wilson 2930,employee2930@example.com,3053.77
John Taylor 2931,employee2931@example.com,3055.14
David Taylor 2932,employee2932@example.com,3056.51
Sarah Taylor 2933,employee2933@example.com,3057.88
Michael Taylor 2934,employee2934@example.com,3059.25
Emily Taylor 2935,employee2935@example.com,3060.62
Daniel Taylor 2936,employee2936@example.com,3061.99
Sophia Taylor 2937,employee2937@example.com,3063.36
James Taylor 2938,employee2938@example.com,3064.73
Olivia Taylor 2939,employee2939@example.com,3066.10
William Taylor 2940,employee2940@example.com,3067.47
John Anderson 2941,employee2941@example.com,3068.84
David Anderson 2942,employee2942@example.com,3070.21
Sarah Anderson 2943,employee2943@example.com,3071.58
Michael Anderson 2944,employee2944@example.com,3072.95
Emily Anderson 2945,employee2945@example.com,3074.32
Daniel Anderson 2946,employee2946@example.com,3075.69
Sophia Anderson 2947,employee2947@example.com,3077.06
James Anderson 2948,employee2948@example.com,3078.43
Olivia Anderson 2949,employee2949@example.com,3079.80
William Anderson 2950,employee2950@example.com,3081.17
John Thomas 2951,employee2951@example.com,3082.54
David Thomas 2952,employee2952@example.com,3083.91
Sarah Thomas 2953,employee2953@example.com,3085.28
Michael Thomas 2954,employee2954@example.com,3086.65
Emily Thomas 2955,employee2955@example.com,3088.02
Daniel Thomas 2956,employee2956@example.com,3089.39
Sophia Thomas 2957,employee2957@example.com,3090.76
James Thomas 2958,employee2958@example.com,3092.13
Olivia Thomas 2959,employee2959@example.com,3093.50
William Thomas 2960,employee2960@example.com,3094.87
John Jackson 2961,employee2961@example.com,3096.24
David Jackson 2962,employee2962@example.com,3097.61
Sarah Jackson 2963,employee2963@example.com,3098.98
Michael Jackson 2964,employee2964@example.com,3100.35
Emily Jackson 2965,employee2965@example.com,3101.72
Daniel Jackson 2966,employee2966@example.com,3103.09
Sophia Jackson 2967,employee2967@example.com,3104.46
James Jackson 2968,employee2968@example.com,3105.83
Olivia Jackson 2969,employee2969@example.com,3107.20
William Jackson 2970,employee2970@example.com,3108.57
John White 2971,employee2971@example.com,3109.94
David White 2972,employee2972@example.com,3111.31
Sarah White 2973,employee2973@example.com,3112.68
Michael White 2974,employee2974@example.com,3114.05
Emily White 2975,employee2975@example.com,3115.42
Daniel White 2976,employee2976@example.com,3116.79
Sophia White 2977,employee2977@example.com,3118.16
James White 2978,employee2978@example.com,3119.53
Olivia White 2979,employee2979@example.com,3000.89
William White 2980,employee2980@example.com,3002.26
John Harris 2981,employee2981@example.com,3003.63
David Harris 2982,employee2982@example.com,3005.00
Sarah Harris 2983,employee2983@example.com,3006.37
Michael Harris 2984,employee2984@example.com,3007.74
Emily Harris 2985,employee2985@example.com,3009.11
Daniel Harris 2986,employee2986@example.com,3010.48
Sophia Harris 2987,employee2987@example.com,3011.85
James Harris 2988,employee2988@example.com,3013.22
Olivia Harris 2989,employee2989@example.com,3014.59
William Harris 2990,employee2990@example.com,3015.96
John Martin 2991,employee2991@example.com,3017.33
David Martin 2992,employee2992@example.com,3018.70
Sarah Martin 2993,employee2993@example.com,3020.07
Michael Martin 2994,employee2994@example.com,3021.44
Emily Martin 2995,employee2995@example.com,3022.81
Daniel Martin 2996,employee2996@example.com,3024.18
Sophia Martin 2997,employee2997@example.com,3025.55
James Martin 2998,employee2998@example.com,3026.92
Olivia Martin 2999,employee2999@example.com,3028.29
William Martin 3000,employee3000@example.com,3029.66
John Smith 3001,employee3001@example.com,3031.03
David Smith 3002,employee3002@example.com,3032.40
Sarah Smith 3003,employee3003@example.com,3033.77
Michael Smith 3004,employee3004@example.com,3035.14
Emily Smith 3005,employee3005@example.com,3036.51
Daniel Smith 3006,employee3006@example.com,3037.88
Sophia Smith 3007,employee3007@example.com,3039.25
James Smith 3008,employee3008@example.com,3040.62
Olivia Smith 3009,employee3009@example.com,3041.99
William Smith 3010,employee3010@example.com,3043.36
John Brown 3011,employee3011@example.com,3044.73
David Brown 3012,employee3012@example.com,3046.10
Sarah Brown 3013,employee3013@example.com,3047.47
Michael Brown 3014,employee3014@example.com,3048.84
Emily Brown 3015,employee3015@example.com,3050.21
Daniel Brown 3016,employee3016@example.com,3051.58
Sophia Brown 3017,employee3017@example.com,3052.95
James Brown 3018,employee3018@example.com,3054.32
Olivia Brown 3019,employee3019@example.com,3055.69
William Brown 3020,employee3020@example.com,3057.06
John Wilson 3021,employee3021@example.com,3058.43
David Wilson 3022,employee3022@example.com,3059.80
Sarah Wilson 3023,employee3023@example.com,3061.17
Michael Wilson 3024,employee3024@example.com,3062.54
Emily Wilson 3025,employee3025@example.com,3063.91
Daniel Wilson 3026,employee3026@example.com,3065.28
Sophia Wilson 3027,employee3027@example.com,3066.65
James Wilson 3028,employee3028@example.com,3068.02
Olivia Wilson 3029,employee3029@example.com,3069.39
William Wilson 3030,employee3030@example.com,3070.76
John Taylor 3031,employee3031@example.com,3072.13
David Taylor 3032,employee3032@example.com,3073.50
Sarah Taylor 3033,employee3033@example.com,3074.87
Michael Taylor 3034,employee3034@example.com,3076.24
Emily Taylor 3035,employee3035@example.com,3077.61
Daniel Taylor 3036,employee3036@example.com,3078.98
Sophia Taylor 3037,employee3037@example.com,3080.35
James Taylor 3038,employee3038@example.com,3081.72
Olivia Taylor 3039,employee3039@example.com,3083.09
William Taylor 3040,employee3040@example.com,3084.46
John Anderson 3041,employee3041@example.com,3085.83
David Anderson 3042,employee3042@example.com,3087.20
Sarah Anderson 3043,employee3043@example.com,3088.57
Michael Anderson 3044,employee3044@example.com,3089.94
Emily Anderson 3045,employee3045@example.com,3091.31
Daniel Anderson 3046,employee3046@example.com,3092.68
Sophia Anderson 3047,employee3047@example.com,3094.05
James Anderson 3048,employee3048@example.com,3095.42
Olivia Anderson 3049,employee3049@example.com,3096.79
William Anderson 3050,employee3050@example.com,3098.16
John Thomas 3051,employee3051@example.com,3099.53
David Thomas 3052,employee3052@example.com,3100.90
Sarah Thomas 3053,employee3053@example.com,3102.27
Michael Thomas 3054,employee3054@example.com,3103.64
Emily Thomas 3055,employee3055@example.com,3105.01
Daniel Thomas 3056,employee3056@example.com,3106.38
Sophia Thomas 3057,employee3057@example.com,3107.75
James Thomas 3058,employee3058@example.com,3109.12
Olivia Thomas 3059,employee3059@example.com,3110.49
William Thomas 3060,employee3060@example.com,3111.86
John Jackson 3061,employee3061@example.com,3113.23
David Jackson 3062,employee3062@example.com,3114.60
Sarah Jackson 3063,employee3063@example.com,3115.97
Michael Jackson 3064,employee3064@example.com,3117.34
Emily Jackson 3065,employee3065@example.com,3118.71
Daniel Jackson 3066,employee3066@example.com,3000.07
Sophia Jackson 3067,employee3067@example.com,3001.44
James Jackson 3068,employee3068@example.com,3002.81
Olivia Jackson 3069,employee3069@example.com,3004.18
William Jackson 3070,employee3070@example.com,3005.55
John White 3071,employee3071@example.com,3006.92
David White 3072,employee3072@example.com,3008.29
Sarah White 3073,employee3073@example.com,3009.66
Michael White 3074,employee3074@example.com,3011.03
Emily White 3075,employee3075@example.com,3012.40
Daniel White 3076,employee3076@example.com,3013.77
Sophia White 3077,employee3077@example.com,3015.14
James White 3078,employee3078@example.com,3016.51
Olivia White 3079,employee3079@example.com,3017.88
William White 3080,employee3080@example.com,3019.25
John Harris 3081,employee3081@example.com,3020.62
David Harris 3082,employee3082@example.com,3021.99
Sarah Harris 3083,employee3083@example.com,3023.36
Michael Harris 3084,employee3084@example.com,3024.73
Emily Harris 3085,employee3085@example.com,3026.10
Daniel Harris 3086,employee3086@example.com,3027.47
Sophia Harris 3087,employee3087@example.com,3028.84
James Harris 3088,employee3088@example.com,3030.21
Olivia Harris 3089,employee3089@example.com,3031.58
William Harris 3090,employee3090@example.com,3032.95
John Martin 3091,employee3091@example.com,3034.32
David Martin 3092,employee3092@example.com,3035.69
Sarah Martin 3093,employee3093@example.com,3037.06
Michael Martin 3094,employee3094@example.com,3038.43
Emily Martin 3095,employee3095@example.com,3039.80
Daniel Martin 3096,employee3096@example.com,3041.17
Sophia Martin 3097,employee3097@example.com,3042.54
James Martin 3098,employee3098@example.com,3043.91
Olivia Martin 3099,employee3099@example.com,3045.28
William Martin 3100,employee3100@example.com,3046.65
John Smith 3101,employee3101@example.com,3048.02
David Smith 3102,employee3102@example.com,3049.39
Sarah Smith 3103,employee3103@example.com,3050.76
Michael Smith 3104,employee3104@example.com,3052.13
Emily Smith 3105,employee3105@example.com,3053.50
Daniel Smith 3106,employee3106@example.com,3054.87
Sophia Smith 3107,employee3107@example.com,3056.24
James Smith 3108,employee3108@example.com,3057.61
Olivia Smith 3109,employee3109@example.com,3058.98
William Smith 3110,employee3110@example.com,3060.35
John Brown 3111,employee3111@example.com,3061.72
David Brown 3112,employee3112@example.com,3063.09
Sarah Brown 3113,employee3113@example.com,3064.46
Michael Brown 3114,employee3114@example.com,3065.83
Emily Brown 3115,employee3115@example.com,3067.20
Daniel Brown 3116,employee3116@example.com,3068.57
Sophia Brown 3117,employee3117@example.com,3069.94
James Brown 3118,employee3118@example.com,3071.31
Olivia Brown 3119,employee3119@example.com,3072.68
William Brown 3120,employee3120@example.com,3074.05
John Wilson 3121,employee3121@example.com,3075.42
David Wilson 3122,employee3122@example.com,3076.79
Sarah Wilson 3123,employee3123@example.com,3078.16
Michael Wilson 3124,employee3124@example.com,3079.53
Emily Wilson 3125,employee3125@example.com,3080.90
Daniel Wilson 3126,employee3126@example.com,3082.27
Sophia Wilson 3127,employee3127@example.com,3083.64
James Wilson 3128,employee3128@example.com,3085.01
Olivia Wilson 3129,employee3129@example.com,3086.38
William Wilson 3130,employee3130@example.com,3087.75
John Taylor 3131,employee3131@example.com,3089.12
David Taylor 3132,employee3132@example.com,3090.49
Sarah Taylor 3133,employee3133@example.com,3091.86
Michael Taylor 3134,employee3134@example.com,3093.23
Emily Taylor 3135,employee3135@example.com,3094.60
Daniel Taylor 3136,employee3136@example.com,3095.97
Sophia Taylor 3137,employee3137@example.com,3097.34
James Taylor 3138,employee3138@example.com,3098.71
Olivia Taylor 3139,employee3139@example.com,3100.08
William Taylor 3140,employee3140@example.com,3101.45
John Anderson 3141,employee3141@example.com,3102.82
David Anderson 3142,employee3142@example.com,3104.19
Sarah Anderson 3143,employee3143@example.com,3105.56
Michael Anderson 3144,employee3144@example.com,3106.93
Emily Anderson 3145,employee3145@example.com,3108.30
Daniel Anderson 3146,employee3146@example.com,3109.67
Sophia Anderson 3147,employee3147@example.com,3111.04
James Anderson 3148,employee3148@example.com,3112.41
Olivia Anderson 3149,employee3149@example.com,3113.78
William Anderson 3150,employee3150@example.com,3115.15
John Thomas 3151,employee3151@example.com,3116.52
David Thomas 3152,employee3152@example.com,3117.89
Sarah Thomas 3153,employee3153@example.com,3119.26
Michael Thomas 3154,employee3154@example.com,3000.62
Emily Thomas 3155,employee3155@example.com,3001.99
Daniel Thomas 3156,employee3156@example.com,3003.36
Sophia Thomas 3157,employee3157@example.com,3004.73
James Thomas 3158,employee3158@example.com,3006.10
Olivia Thomas 3159,employee3159@example.com,3007.47
William Thomas 3160,employee3160@example.com,3008.84
John Jackson 3161,employee3161@example.com,3010.21
David Jackson 3162,employee3162@example.com,3011.58
Sarah Jackson 3163,employee3163@example.com,3012.95
Michael Jackson 3164,employee3164@example.com,3014.32
Emily Jackson 3165,employee3165@example.com,3015.69
Daniel Jackson 3166,employee3166@example.com,3017.06
Sophia Jackson 3167,employee3167@example.com,3018.43
James Jackson 3168,employee3168@example.com,3019.80
Olivia Jackson 3169,employee3169@example.com,3021.17
William Jackson 3170,employee3170@example.com,3022.54
John White 3171,employee3171@example.com,3023.91
David White 3172,employee3172@example.com,3025.28
Sarah White 3173,employee3173@example.com,3026.65
Michael White 3174,employee3174@example.com,3028.02
Emily White 3175,employee3175@example.com,3029.39
Daniel White 3176,employee3176@example.com,3030.76
Sophia White 3177,employee3177@example.com,3032.13
James White 3178,employee3178@example.com,3033.50
Olivia White 3179,employee3179@example.com,3034.87
William White 3180,employee3180@example.com,3036.24
John Harris 3181,employee3181@example.com,3037.61
David Harris 3182,employee3182@example.com,3038.98
Sarah Harris 3183,employee3183@example.com,3040.35
Michael Harris 3184,employee3184@example.com,3041.72
Emily Harris 3185,employee3185@example.com,3043.09
Daniel Harris 3186,employee3186@example.com,3044.46
Sophia Harris 3187,employee3187@example.com,3045.83
James Harris 3188,employee3188@example.com,3047.20
Olivia Harris 3189,employee3189@example.com,3048.57
William Harris 3190,employee3190@example.com,3049.94
John Martin 3191,employee3191@example.com,3051.31
David Martin 3192,employee3192@example.com,3052.68
Sarah Martin 3193,employee3193@example.com,3054.05
Michael Martin 3194,employee3194@example.com,3055.42
Emily Martin 3195,employee3195@example.com,3056.79
Daniel Martin 3196,employee3196@example.com,3058.16
Sophia Martin 3197,employee3197@example.com,3059.53
James Martin 3198,employee3198@example.com,3060.90
Olivia Martin 3199,employee3199@example.com,3062.27
William Martin 3200,employee3200@example.com,3063.64
John Smith 3201,employee3201@example.com,3065.01
David Smith 3202,employee3202@example.com,3066.38
Sarah Smith 3203,employee3203@example.com,3067.75
Michael Smith 3204,employee3204@example.com,3069.12
Emily Smith 3205,employee3205@example.com,3070.49
Daniel Smith 3206,employee3206@example.com,3071.86
Sophia Smith 3207,employee3207@example.com,3073.23
James Smith 3208,employee3208@example.com,3074.60
Olivia Smith 3209,employee3209@example.com,3075.97
William Smith 3210,employee3210@example.com,3077.34
John Brown 3211,employee3211@example.com,3078.71
David Brown 3212,employee3212@example.com,3080.08
Sarah Brown 3213,employee3213@example.com,3081.45
Michael Brown 3214,employee3214@example.com,3082.82
Emily Brown 3215,employee3215@example.com,3084.19
Daniel Brown 3216,employee3216@example.com,3085.56
Sophia Brown 3217,employee3217@example.com,3086.93
James Brown 3218,employee3218@example.com,3088.30
Olivia Brown 3219,employee3219@example.com,3089.67
William Brown 3220,employee3220@example.com,3091.04
John Wilson 3221,employee3221@example.com,3092.41
David Wilson 3222,employee3222@example.com,3093.78
Sarah Wilson 3223,employee3223@example.com,3095.15
Michael Wilson 3224,employee3224@example.com,3096.52
Emily Wilson 3225,employee3225@example.com,3097.89
Daniel Wilson 3226,employee3226@example.com,3099.26
Sophia Wilson 3227,employee3227@example.com,3100.63
James Wilson 3228,employee3228@example.com,3102.00
Olivia Wilson 3229,employee3229@example.com,3103.37
William Wilson 3230,employee3230@example.com,3104.74
John Taylor 3231,employee3231@example.com,3106.11
David Taylor 3232,employee3232@example.com,3107.48
Sarah Taylor 3233,employee3233@example.com,3108.85
Michael Taylor 3234,employee3234@example.com,3110.22
Emily Taylor 3235,employee3235@example.com,3111.59
Daniel Taylor 3236,employee3236@example.com,3112.96
Sophia Taylor 3237,employee3237@example.com,3114.33
James Taylor 3238,employee3238@example.com,3115.70
Olivia Taylor 3239,employee3239@example.com,3117.07
William Taylor 3240,employee3240@example.com,3118.44
John Anderson 3241,employee3241@example.com,3119.81
David Anderson 3242,employee3242@example.com,3001.17
Sarah Anderson 3243,employee3243@example.com,3002.54
Michael Anderson 3244,employee3244@example.com,3003.91
Emily Anderson 3245,employee3245@example.com,3005.28
Daniel Anderson 3246,employee3246@example.com,3006.65
Sophia Anderson 3247,employee3247@example.com,3008.02
James Anderson 3248,employee3248@example.com,3009.39
Olivia Anderson 3249,employee3249@example.com,3010.76
William Anderson 3250,employee3250@example.com,3012.13
John Thomas 3251,employee3251@example.com,3013.50
David Thomas 3252,employee3252@example.com,3014.87
Sarah Thomas 3253,employee3253@example.com,3016.24
Michael Thomas 3254,employee3254@example.com,3017.61
Emily Thomas 3255,employee3255@example.com,3018.98
Daniel Thomas 3256,employee3256@example.com,3020.35
Sophia Thomas 3257,employee3257@example.com,3021.72
James Thomas 3258,employee3258@example.com,3023.09
Olivia Thomas 3259,employee3259@example.com,3024.46
William Thomas 3260,employee3260@example.com,3025.83
John Jackson 3261,employee3261@example.com,3027.20
David Jackson 3262,employee3262@example.com,3028.57
Sarah Jackson 3263,employee3263@example.com,3029.94
Michael Jackson 3264,employee3264@example.com,3031.31
Emily Jackson 3265,employee3265@example.com,3032.68
Daniel Jackson 3266,employee3266@example.com,3034.05
Sophia Jackson 3267,employee3267@example.com,3035.42
James Jackson 3268,employee3268@example.com,3036.79
Olivia Jackson 3269,employee3269@example.com,3038.16
William Jackson 3270,employee3270@example.com,3039.53
John White 3271,employee3271@example.com,3040.90
David White 3272,employee3272@example.com,3042.27
Sarah White 3273,employee3273@example.com,3043.64
Michael White 3274,employee3274@example.com,3045.01
Emily White 3275,employee3275@example.com,3046.38
Daniel White 3276,employee3276@example.com,3047.75
Sophia White 3277,employee3277@example.com,3049.12
James White 3278,employee3278@example.com,3050.49
Olivia White 3279,employee3279@example.com,3051.86
William White 3280,employee3280@example.com,3053.23
John Harris 3281,employee3281@example.com,3054.60
David Harris 3282,employee3282@example.com,3055.97
Sarah Harris 3283,employee3283@example.com,3057.34
Michael Harris 3284,employee3284@example.com,3058.71
Emily Harris 3285,employee3285@example.com,3060.08
Daniel Harris 3286,employee3286@example.com,3061.45
Sophia Harris 3287,employee3287@example.com,3062.82
James Harris 3288,employee3288@example.com,3064.19
Olivia Harris 3289,employee3289@example.com,3065.56
William Harris 3290,employee3290@example.com,3066.93
John Martin 3291,employee3291@example.com,3068.30
David Martin 3292,employee3292@example.com,3069.67
Sarah Martin 3293,employee3293@example.com,3071.04
Michael Martin 3294,employee3294@example.com,3072.41
Emily Martin 3295,employee3295@example.com,3073.78
Daniel Martin 3296,employee3296@example.com,3075.15
Sophia Martin 3297,employee3297@example.com,3076.52
James Martin 3298,employee3298@example.com,3077.89
Olivia Martin 3299,employee3299@example.com,3079.26
William Martin 3300,employee3300@example.com,3080.63
John Smith 3301,employee3301@example.com,3082.00
David Smith 3302,employee3302@example.com,3083.37
Sarah Smith 3303,employee3303@example.com,3084.74
Michael Smith 3304,employee3304@example.com,3086.11
Emily Smith 3305,employee3305@example.com,3087.48
Daniel Smith 3306,employee3306@example.com,3088.85
Sophia Smith 3307,employee3307@example.com,3090.22
James Smith 3308,employee3308@example.com,3091.59
Olivia Smith 3309,employee3309@example.com,3092.96
William Smith 3310,employee3310@example.com,3094.33
John Brown 3311,employee3311@example.com,3095.70
David Brown 3312,employee3312@example.com,3097.07
Sarah Brown 3313,employee3313@example.com,3098.44
Michael Brown 3314,employee3314@example.com,3099.81
Emily Brown 3315,employee3315@example.com,3101.18
Daniel Brown 3316,employee3316@example.com,3102.55
Sophia Brown 3317,employee3317@example.com,3103.92
James Brown 3318,employee3318@example.com,3105.29
Olivia Brown 3319,employee3319@example.com,3106.66
William Brown 3320,employee3320@example.com,3108.03
John Wilson 3321,employee3321@example.com,3109.40
David Wilson 3322,employee3322@example.com,3110.77
Sarah Wilson 3323,employee3323@example.com,3112.14
Michael Wilson 3324,employee3324@example.com,3113.51
Emily Wilson 3325,employee3325@example.com,3114.88
Daniel Wilson 3326,employee3326@example.com,3116.25
Sophia Wilson 3327,employee3327@example.com,3117.62
James Wilson 3328,employee3328@example.com,3118.99
Olivia Wilson 3329,employee3329@example.com,3000.35
William Wilson 3330,employee3330@example.com,3001.72
John Taylor 3331,employee3331@example.com,3003.09
David Taylor 3332,employee3332@example.com,3004.46
Sarah Taylor 3333,employee3333@example.com,3005.83
Michael Taylor 3334,employee3334@example.com,3007.20
Emily Taylor 3335,employee3335@example.com,3008.57
Daniel Taylor 3336,employee3336@example.com,3009.94
Sophia Taylor 3337,employee3337@example.com,3011.31
James Taylor 3338,employee3338@example.com,3012.68
Olivia Taylor 3339,employee3339@example.com,3014.05
William Taylor 3340,employee3340@example.com,3015.42
John Anderson 3341,employee3341@example.com,3016.79
David Anderson 3342,employee3342@example.com,3018.16
Sarah Anderson 3343,employee3343@example.com,3019.53
Michael Anderson 3344,employee3344@example.com,3020.90
Emily Anderson 3345,employee3345@example.com,3022.27
Daniel Anderson 3346,employee3346@example.com,3023.64
Sophia Anderson 3347,employee3347@example.com,3025.01
James Anderson 3348,employee3348@example.com,3026.38
Olivia Anderson 3349,employee3349@example.com,3027.75
William Anderson 3350,employee3350@example.com,3029.12
John Thomas 3351,employee3351@example.com,3030.49
David Thomas 3352,employee3352@example.com,3031.86
Sarah Thomas 3353,employee3353@example.com,3033.23
Michael Thomas 3354,employee3354@example.com,3034.60
Emily Thomas 3355,employee3355@example.com,3035.97
Daniel Thomas 3356,employee3356@example.com,3037.34
Sophia Thomas 3357,employee3357@example.com,3038.71
James Thomas 3358,employee3358@example.com,3040.08
Olivia Thomas 3359,employee3359@example.com,3041.45
William Thomas 3360,employee3360@example.com,3042.82
John Jackson 3361,employee3361@example.com,3044.19
David Jackson 3362,employee3362@example.com,3045.56
Sarah Jackson 3363,employee3363@example.com,3046.93
Michael Jackson 3364,employee3364@example.com,3048.30
Emily Jackson 3365,employee3365@example.com,3049.67
Daniel Jackson 3366,employee3366@example.com,3051.04
Sophia Jackson 3367,employee3367@example.com,3052.41
James Jackson 3368,employee3368@example.com,3053.78
Olivia Jackson 3369,employee3369@example.com,3055.15
William Jackson 3370,employee3370@example.com,3056.52
John White 3371,employee3371@example.com,3057.89
David White 3372,employee3372@example.com,3059.26
Sarah White 3373,employee3373@example.com,3060.63
Michael White 3374,employee3374@example.com,3062.00
Emily White 3375,employee3375@example.com,3063.37
Daniel White 3376,employee3376@example.com,3064.74
Sophia White 3377,employee3377@example.com,3066.11
James White 3378,employee3378@example.com,3067.48
Olivia White 3379,employee3379@example.com,3068.85
William White 3380,employee3380@example.com,3070.22
John Harris 3381,employee3381@example.com,3071.59
David Harris 3382,employee3382@example.com,3072.96
Sarah Harris 3383,employee3383@example.com,3074.33
Michael Harris 3384,employee3384@example.com,3075.70
Emily Harris 3385,employee3385@example.com,3077.07
Daniel Harris 3386,employee3386@example.com,3078.44
Sophia Harris 3387,employee3387@example.com,3079.81
James Harris 3388,employee3388@example.com,3081.18
Olivia Harris 3389,employee3389@example.com,3082.55
William Harris 3390,employee3390@example.com,3083.92
John Martin 3391,employee3391@example.com,3085.29
David Martin 3392,employee3392@example.com,3086.66
Sarah Martin 3393,employee3393@example.com,3088.03
Michael Martin 3394,employee3394@example.com,3089.40
Emily Martin 3395,employee3395@example.com,3090.77
Daniel Martin 3396,employee3396@example.com,3092.14
Sophia Martin 3397,employee3397@example.com,3093.51
James Martin 3398,employee3398@example.com,3094.88
Olivia Martin 3399,employee3399@example.com,3096.25
William Martin 3400,employee3400@example.com,3097.62
John Smith 3401,employee3401@example.com,3098.99
David Smith 3402,employee3402@example.com,3100.36
Sarah Smith 3403,employee3403@example.com,3101.73
Michael Smith 3404,employee3404@example.com,3103.10
Emily Smith 3405,employee3405@example.com,3104.47
Daniel Smith 3406,employee3406@example.com,3105.84
Sophia Smith 3407,employee3407@example.com,3107.21
James Smith 3408,employee3408@example.com,3108.58
Olivia Smith 3409,employee3409@example.com,3109.95
William Smith 3410,employee3410@example.com,3111.32
John Brown 3411,employee3411@example.com,3112.69
David Brown 3412,employee3412@example.com,3114.06
Sarah Brown 3413,employee3413@example.com,3115.43
Michael Brown 3414,employee3414@example.com,3116.80
Emily Brown 3415,employee3415@example.com,3118.17
Daniel Brown 3416,employee3416@example.com,3119.54
Sophia Brown 3417,employee3417@example.com,3000.90
James Brown 3418,employee3418@example.com,3002.27
Olivia Brown 3419,employee3419@example.com,3003.64
William Brown 3420,employee3420@example.com,3005.01
John Wilson 3421,employee3421@example.com,3006.38
David Wilson 3422,employee3422@example.com,3007.75
Sarah Wilson 3423,employee3423@example.com,3009.12
Michael Wilson 3424,employee3424@example.com,3010.49
Emily Wilson 3425,employee3425@example.com,3011.86
Daniel Wilson 3426,employee3426@example.com,3013.23
Sophia Wilson 3427,employee3427@example.com,3014.60
James Wilson 3428,employee3428@example.com,3015.97
Olivia Wilson 3429,employee3429@example.com,3017.34
William Wilson 3430,employee3430@example.com,3018.71
John Taylor 3431,employee3431@example.com,3020.08
David Taylor 3432,employee3432@example.com,3021.45
Sarah Taylor 3433,employee3433@example.com,3022.82
Michael Taylor 3434,employee3434@example.com,3024.19
Emily Taylor 3435,employee3435@example.com,3025.56
Daniel Taylor 3436,employee3436@example.com,3026.93
Sophia Taylor 3437,employee3437@example.com,3028.30
James Taylor 3438,employee3438@example.com,3029.67
Olivia Taylor 3439,employee3439@example.com,3031.04
William Taylor 3440,employee3440@example.com,3032.41
John Anderson 3441,employee3441@example.com,3033.78
David Anderson 3442,employee3442@example.com,3035.15
Sarah Anderson 3443,employee3443@example.com,3036.52
Michael Anderson 3444,employee3444@example.com,3037.89
Emily Anderson 3445,employee3445@example.com,3039.26
Daniel Anderson 3446,employee3446@example.com,3040.63
Sophia Anderson 3447,employee3447@example.com,3042.00
James Anderson 3448,employee3448@example.com,3043.37
Olivia Anderson 3449,employee3449@example.com,3044.74
William Anderson 3450,employee3450@example.com,3046.11
John Thomas 3451,employee3451@example.com,3047.48
David Thomas 3452,employee3452@example.com,3048.85
Sarah Thomas 3453,employee3453@example.com,3050.22
Michael Thomas 3454,employee3454@example.com,3051.59
Emily Thomas 3455,employee3455@example.com,3052.96
Daniel Thomas 3456,employee3456@example.com,3054.33
Sophia Thomas 3457,employee3457@example.com,3055.70
James Thomas 3458,employee3458@example.com,3057.07
Olivia Thomas 3459,employee3459@example.com,3058.44
William Thomas 3460,employee3460@example.com,3059.81
John Jackson 3461,employee3461@example.com,3061.18
David Jackson 3462,employee3462@example.com,3062.55
Sarah Jackson 3463,employee3463@example.com,3063.92
Michael Jackson 3464,employee3464@example.com,3065.29
Emily Jackson 3465,employee3465@example.com,3066.66
Daniel Jackson 3466,employee3466@example.com,3068.03
Sophia Jackson 3467,employee3467@example.com,3069.40
James Jackson 3468,employee3468@example.com,3070.77
Olivia Jackson 3469,employee3469@example.com,3072.14
William Jackson 3470,employee3470@example.com,3073.51
John White 3471,employee3471@example.com,3074.88
David White 3472,employee3472@example.com,3076.25
Sarah White 3473,employee3473@example.com,3077.62
Michael White 3474,employee3474@example.com,3078.99
Emily White 3475,employee3475@example.com,3080.36
Daniel White 3476,employee3476@example.com,3081.73
Sophia White 3477,employee3477@example.com,3083.10
James White 3478,employee3478@example.com,3084.47
Olivia White 3479,employee3479@example.com,3085.84
William White 3480,employee3480@example.com,3087.21
John Harris 3481,employee3481@example.com,3088.58
David Harris 3482,employee3482@example.com,3089.95
Sarah Harris 3483,employee3483@example.com,3091.32
Michael Harris 3484,employee3484@example.com,3092.69
Emily Harris 3485,employee3485@example.com,3094.06
Daniel Harris 3486,employee3486@example.com,3095.43
Sophia Harris 3487,employee3487@example.com,3096.80
James Harris 3488,employee3488@example.com,3098.17
Olivia Harris 3489,employee3489@example.com,3099.54
William Harris 3490,employee3490@example.com,3100.91
John Martin 3491,employee3491@example.com,3102.28
David Martin 3492,employee3492@example.com,3103.65
Sarah Martin 3493,employee3493@example.com,3105.02
Michael Martin 3494,employee3494@example.com,3106.39
Emily Martin 3495,employee3495@example.com,3107.76
Daniel Martin 3496,employee3496@example.com,3109.13
Sophia Martin 3497,employee3497@example.com,3110.50
James Martin 3498,employee3498@example.com,3111.87
Olivia Martin 3499,employee3499@example.com,3113.24
William Martin 3500,employee3500@example.com,3114.61
John Smith 3501,employee3501@example.com,3115.98
David Smith 3502,employee3502@example.com,3117.35
Sarah Smith 3503,employee3503@example.com,3118.72
Michael Smith 3504,employee3504@example.com,3000.08
Emily Smith 3505,employee3505@example.com,3001.45
Daniel Smith 3506,employee3506@example.com,3002.82
Sophia Smith 3507,employee3507@example.com,3004.19
James Smith 3508,employee3508@example.com,3005.56
Olivia Smith 3509,employee3509@example.com,3006.93
William Smith 3510,employee3510@example.com,3008.30
John Brown 3511,employee3511@example.com,3009.67
David Brown 3512,employee3512@example.com,3011.04
Sarah Brown 3513,employee3513@example.com,3012.41
Michael Brown 3514,employee3514@example.com,3013.78
Emily Brown 3515,employee3515@example.com,3015.15
Daniel Brown 3516,employee3516@example.com,3016.52
Sophia Brown 3517,employee3517@example.com,3017.89
James Brown 3518,employee3518@example.com,3019.26
Olivia Brown 3519,employee3519@example.com,3020.63
William Brown 3520,employee3520@example.com,3022.00
John Wilson 3521,employee3521@example.com,3023.37
David Wilson 3522,employee3522@example.com,3024.74
Sarah Wilson 3523,employee3523@example.com,3026.11
Michael Wilson 3524,employee3524@example.com,3027.48
Emily Wilson 3525,employee3525@example.com,3028.85
Daniel Wilson 3526,employee3526@example.com,3030.22
Sophia Wilson 3527,employee3527@example.com,3031.59
James Wilson 3528,employee3528@example.com,3032.96
Olivia Wilson 3529,employee3529@example.com,3034.33
William Wilson 3530,employee3530@example.com,3035.70
John Taylor 3531,employee3531@example.com,3037.07
David Taylor 3532,employee3532@example.com,3038.44
Sarah Taylor 3533,employee3533@example.com,3039.81
Michael Taylor 3534,employee3534@example.com,3041.18
Emily Taylor 3535,employee3535@example.com,3042.55
Daniel Taylor 3536,employee3536@example.com,3043.92
Sophia Taylor 3537,employee3537@example.com,3045.29
James Taylor 3538,employee3538@example.com,3046.66
Olivia Taylor 3539,employee3539@example.com,3048.03
William Taylor 3540,employee3540@example.com,3049.40
John Anderson 3541,employee3541@example.com,3050.77
David Anderson 3542,employee3542@example.com,3052.14
Sarah Anderson 3543,employee3543@example.com,3053.51
Michael Anderson 3544,employee3544@example.com,3054.88
Emily Anderson 3545,employee3545@example.com,3056.25
Daniel Anderson 3546,employee3546@example.com,3057.62
Sophia Anderson 3547,employee3547@example.com,3058.99
James Anderson 3548,employee3548@example.com,3060.36
Olivia Anderson 3549,employee3549@example.com,3061.73
William Anderson 3550,employee3550@example.com,3063.10
John Thomas 3551,employee3551@example.com,3064.47
David Thomas 3552,employee3552@example.com,3065.84
Sarah Thomas 3553,employee3553@example.com,3067.21
Michael Thomas 3554,employee3554@example.com,3068.58
Emily Thomas 3555,employee3555@example.com,3069.95
Daniel Thomas 3556,employee3556@example.com,3071.32
Sophia Thomas 3557,employee3557@example.com,3072.69
James Thomas 3558,employee3558@example.com,3074.06
Olivia Thomas 3559,employee3559@example.com,3075.43
William Thomas 3560,employee3560@example.com,3076.80
John Jackson 3561,employee3561@example.com,3078.17
David Jackson 3562,employee3562@example.com,3079.54
Sarah Jackson 3563,employee3563@example.com,3080.91
Michael Jackson 3564,employee3564@example.com,3082.28
Emily Jackson 3565,employee3565@example.com,3083.65
Daniel Jackson 3566,employee3566@example.com,3085.02
Sophia Jackson 3567,employee3567@example.com,3086.39
James Jackson 3568,employee3568@example.com,3087.76
Olivia Jackson 3569,employee3569@example.com,3089.13
William Jackson 3570,employee3570@example.com,3090.50
John White 3571,employee3571@example.com,3091.87
David White 3572,employee3572@example.com,3093.24
Sarah White 3573,employee3573@example.com,3094.61
Michael White 3574,employee3574@example.com,3095.98
Emily White 3575,employee3575@example.com,3097.35
Daniel White 3576,employee3576@example.com,3098.72
Sophia White 3577,employee3577@example.com,3100.09
James White 3578,employee3578@example.com,3101.46
Olivia White 3579,employee3579@example.com,3102.83
William White 3580,employee3580@example.com,3104.20
John Harris 3581,employee3581@example.com,3105.57
David Harris 3582,employee3582@example.com,3106.94
Sarah Harris 3583,employee3583@example.com,3108.31
Michael Harris 3584,employee3584@example.com,3109.68
Emily Harris 3585,employee3585@example.com,3111.05
Daniel Harris 3586,employee3586@example.com,3112.42
Sophia Harris 3587,employee3587@example.com,3113.79
James Harris 3588,employee3588@example.com,3115.16
Olivia Harris 3589,employee3589@example.com,3116.53
William Harris 3590,employee3590@example.com,3117.90
John Martin 3591,employee3591@example.com,3119.27
David Martin 3592,employee3592@example.com,3000.63
Sarah Martin 3593,employee3593@example.com,3002.00
Michael Martin 3594,employee3594@example.com,3003.37
Emily Martin 3595,employee3595@example.com,3004.74
Daniel Martin 3596,employee3596@example.com,3006.11
Sophia Martin 3597,employee3597@example.com,3007.48
James Martin 3598,employee3598@example.com,3008.85
Olivia Martin 3599,employee3599@example.com,3010.22
William Martin 3600,employee3600@example.com,3011.59
John Smith 3601,employee3601@example.com,3012.96
David Smith 3602,employee3602@example.com,3014.33
Sarah Smith 3603,employee3603@example.com,3015.70
Michael Smith 3604,employee3604@example.com,3017.07
Emily Smith 3605,employee3605@example.com,3018.44
Daniel Smith 3606,employee3606@example.com,3019.81
Sophia Smith 3607,employee3607@example.com,3021.18
James Smith 3608,employee3608@example.com,3022.55
Olivia Smith 3609,employee3609@example.com,3023.92
William Smith 3610,employee3610@example.com,3025.29
John Brown 3611,employee3611@example.com,3026.66
David Brown 3612,employee3612@example.com,3028.03
Sarah Brown 3613,employee3613@example.com,3029.40
Michael Brown 3614,employee3614@example.com,3030.77
Emily Brown 3615,employee3615@example.com,3032.14
Daniel Brown 3616,employee3616@example.com,3033.51
Sophia Brown 3617,employee3617@example.com,3034.88
James Brown 3618,employee3618@example.com,3036.25
Olivia Brown 3619,employee3619@example.com,3037.62
William Brown 3620,employee3620@example.com,3038.99
John Wilson 3621,employee3621@example.com,3040.36
David Wilson 3622,employee3622@example.com,3041.73
Sarah Wilson 3623,employee3623@example.com,3043.10
Michael Wilson 3624,employee3624@example.com,3044.47
Emily Wilson 3625,employee3625@example.com,3045.84
Daniel Wilson 3626,employee3626@example.com,3047.21
Sophia Wilson 3627,employee3627@example.com,3048.58
James Wilson 3628,employee3628@example.com,3049.95
Olivia Wilson 3629,employee3629@example.com,3051.32
William Wilson 3630,employee3630@example.com,3052.69
John Taylor 3631,employee3631@example.com,3054.06
David Taylor 3632,employee3632@example.com,3055.43
Sarah Taylor 3633,employee3633@example.com,3056.80
Michael Taylor 3634,employee3634@example.com,3058.17
Emily Taylor 3635,employee3635@example.com,3059.54
Daniel Taylor 3636,employee3636@example.com,3060.91
Sophia Taylor 3637,employee3637@example.com,3062.28
James Taylor 3638,employee3638@example.com,3063.65
Olivia Taylor 3639,employee3639@example.com,3065.02
William Taylor 3640,employee3640@example.com,3066.39
John Anderson 3641,employee3641@example.com,3067.76
David Anderson 3642,employee3642@example.com,3069.13
Sarah Anderson 3643,employee3643@example.com,3070.50
Michael Anderson 3644,employee3644@example.com,3071.87
Emily Anderson 3645,employee3645@example.com,3073.24
Daniel Anderson 3646,employee3646@example.com,3074.61
Sophia Anderson 3647,employee3647@example.com,3075.98
James Anderson 3648,employee3648@example.com,3077.35
Olivia Anderson 3649,employee3649@example.com,3078.72
William Anderson 3650,employee3650@example.com,3080.09
John Thomas 3651,employee3651@example.com,3081.46
David Thomas 3652,employee3652@example.com,3082.83
Sarah Thomas 3653,employee3653@example.com,3084.20
Michael Thomas 3654,employee3654@example.com,3085.57
Emily Thomas 3655,employee3655@example.com,3086.94
Daniel Thomas 3656,employee3656@example.com,3088.31
Sophia Thomas 3657,employee3657@example.com,3089.68
James Thomas 3658,employee3658@example.com,3091.05
Olivia Thomas 3659,employee3659@example.com,3092.42
William Thomas 3660,employee3660@example.com,3093.79
John Jackson 3661,employee3661@example.com,3095.16
David Jackson 3662,employee3662@example.com,3096.53
Sarah Jackson 3663,employee3663@example.com,3097.90
Michael Jackson 3664,employee3664@example.com,3099.27
Emily Jackson 3665,employee3665@example.com,3100.64
Daniel Jackson 3666,employee3666@example.com,3102.01
Sophia Jackson 3667,employee3667@example.com,3103.38
James Jackson 3668,employee3668@example.com,3104.75
Olivia Jackson 3669,employee3669@example.com,3106.12
William Jackson 3670,employee3670@example.com,3107.49
John White 3671,employee3671@example.com,3108.86
David White 3672,employee3672@example.com,3110.23
Sarah White 3673,employee3673@example.com,3111.60
Michael White 3674,employee3674@example.com,3112.97
Emily White 3675,employee3675@example.com,3114.34
Daniel White 3676,employee3676@example.com,3115.71
Sophia White 3677,employee3677@example.com,3117.08
James White 3678,employee3678@example.com,3118.45
Olivia White 3679,employee3679@example.com,3119.82
William White 3680,employee3680@example.com,3001.18
John Harris 3681,employee3681@example.com,3002.55
David Harris 3682,employee3682@example.com,3003.92
Sarah Harris 3683,employee3683@example.com,3005.29
Michael Harris 3684,employee3684@example.com,3006.66
Emily Harris 3685,employee3685@example.com,3008.03
Daniel Harris 3686,employee3686@example.com,3009.40
Sophia Harris 3687,employee3687@example.com,3010.77
James Harris 3688,employee3688@example.com,3012.14
Olivia Harris 3689,employee3689@example.com,3013.51
William Harris 3690,employee3690@example.com,3014.88
John Martin 3691,employee3691@example.com,3016.25
David Martin 3692,employee3692@example.com,3017.62
Sarah Martin 3693,employee3693@example.com,3018.99
Michael Martin 3694,employee3694@example.com,3020.36
Emily Martin 3695,employee3695@example.com,3021.73
Daniel Martin 3696,employee3696@example.com,3023.10
Sophia Martin 3697,employee3697@example.com,3024.47
James Martin 3698,employee3698@example.com,3025.84
Olivia Martin 3699,employee3699@example.com,3027.21
William Martin 3700,employee3700@example.com,3028.58
John Smith 3701,employee3701@example.com,3029.95
David Smith 3702,employee3702@example.com,3031.32
Sarah Smith 3703,employee3703@example.com,3032.69
Michael Smith 3704,employee3704@example.com,3034.06
Emily Smith 3705,employee3705@example.com,3035.43
Daniel Smith 3706,employee3706@example.com,3036.80
Sophia Smith 3707,employee3707@example.com,3038.17
James Smith 3708,employee3708@example.com,3039.54
Olivia Smith 3709,employee3709@example.com,3040.91
William Smith 3710,employee3710@example.com,3042.28
John Brown 3711,employee3711@example.com,3043.65
David Brown 3712,employee3712@example.com,3045.02
Sarah Brown 3713,employee3713@example.com,3046.39
Michael Brown 3714,employee3714@example.com,3047.76
Emily Brown 3715,employee3715@example.com,3049.13
Daniel Brown 3716,employee3716@example.com,3050.50
Sophia Brown 3717,employee3717@example.com,3051.87
James Brown 3718,employee3718@example.com,3053.24
Olivia Brown 3719,employee3719@example.com,3054.61
William Brown 3720,employee3720@example.com,3055.98
John Wilson 3721,employee3721@example.com,3057.35
David Wilson 3722,employee3722@example.com,3058.72
Sarah Wilson 3723,employee3723@example.com,3060.09
Michael Wilson 3724,employee3724@example.com,3061.46
Emily Wilson 3725,employee3725@example.com,3062.83
Daniel Wilson 3726,employee3726@example.com,3064.20
Sophia Wilson 3727,employee3727@example.com,3065.57
James Wilson 3728,employee3728@example.com,3066.94
Olivia Wilson 3729,employee3729@example.com,3068.31
William Wilson 3730,employee3730@example.com,3069.68
John Taylor 3731,employee3731@example.com,3071.05
David Taylor 3732,employee3732@example.com,3072.42
Sarah Taylor 3733,employee3733@example.com,3073.79
Michael Taylor 3734,employee3734@example.com,3075.16
Emily Taylor 3735,employee3735@example.com,3076.53
Daniel Taylor 3736,employee3736@example.com,3077.90
Sophia Taylor 3737,employee3737@example.com,3079.27
James Taylor 3738,employee3738@example.com,3080.64
Olivia Taylor 3739,employee3739@example.com,3082.01
William Taylor 3740,employee3740@example.com,3083.38
John Anderson 3741,employee3741@example.com,3084.75
David Anderson 3742,employee3742@example.com,3086.12
Sarah Anderson 3743,employee3743@example.com,3087.49
Michael Anderson 3744,employee3744@example.com,3088.86
Emily Anderson 3745,employee3745@example.com,3090.23
Daniel Anderson 3746,employee3746@example.com,3091.60
Sophia Anderson 3747,employee3747@example.com,3092.97
James Anderson 3748,employee3748@example.com,3094.34
Olivia Anderson 3749,employee3749@example.com,3095.71
William Anderson 3750,employee3750@example.com,3097.08
John Thomas 3751,employee3751@example.com,3098.45
David Thomas 3752,employee3752@example.com,3099.82
Sarah Thomas 3753,employee3753@example.com,3101.19
Michael Thomas 3754,employee3754@example.com,3102.56
Emily Thomas 3755,employee3755@example.com,3103.93
Daniel Thomas 3756,employee3756@example.com,3105.30
Sophia Thomas 3757,employee3757@example.com,3106.67
James Thomas 3758,employee3758@example.com,3108.04
Olivia Thomas 3759,employee3759@example.com,3109.41
William Thomas 3760,employee3760@example.com,3110.78
John Jackson 3761,employee3761@example.com,3112.15
David Jackson 3762,employee3762@example.com,3113.52
Sarah Jackson 3763,employee3763@example.com,3114.89
Michael Jackson 3764,employee3764@example.com,3116.26
Emily Jackson 3765,employee3765@example.com,3117.63
Daniel Jackson 3766,employee3766@example.com,3119.00
Sophia Jackson 3767,employee3767@example.com,3000.36
James Jackson 3768,employee3768@example.com,3001.73
Olivia Jackson 3769,employee3769@example.com,3003.10
William Jackson 3770,employee3770@example.com,3004.47
John White 3771,employee3771@example.com,3005.84
David White 3772,employee3772@example.com,3007.21
Sarah White 3773,employee3773@example.com,3008.58
Michael White 3774,employee3774@example.com,3009.95
Emily White 3775,employee3775@example.com,3011.32
Daniel White 3776,employee3776@example.com,3012.69
Sophia White 3777,employee3777@example.com,3014.06
James White 3778,employee3778@example.com,3015.43
Olivia White 3779,employee3779@example.com,3016.80
William White 3780,employee3780@example.com,3018.17
John Harris 3781,employee3781@example.com,3019.54
David Harris 3782,employee3782@example.com,3020.91
Sarah Harris 3783,employee3783@example.com,3022.28
Michael Harris 3784,employee3784@example.com,3023.65
Emily Harris 3785,employee3785@example.com,3025.02
Daniel Harris 3786,employee3786@example.com,3026.39
Sophia Harris 3787,employee3787@example.com,3027.76
James Harris 3788,employee3788@example.com,3029.13
Olivia Harris 3789,employee3789@example.com,3030.50
William Harris 3790,employee3790@example.com,3031.87
John Martin 3791,employee3791@example.com,3033.24
David Martin 3792,employee3792@example.com,3034.61
Sarah Martin 3793,employee3793@example.com,3035.98
Michael Martin 3794,employee3794@example.com,3037.35
Emily Martin 3795,employee3795@example.com,3038.72
Daniel Martin 3796,employee3796@example.com,3040.09
Sophia Martin 3797,employee3797@example.com,3041.46
James Martin 3798,employee3798@example.com,3042.83
Olivia Martin 3799,employee3799@example.com,3044.20
William Martin 3800,employee3800@example.com,3045.57
John Smith 3801,employee3801@example.com,3046.94
David Smith 3802,employee3802@example.com,3048.31
Sarah Smith 3803,employee3803@example.com,3049.68
Michael Smith 3804,employee3804@example.com,3051.05
Emily Smith 3805,employee3805@example.com,3052.42
Daniel Smith 3806,employee3806@example.com,3053.79
Sophia Smith 3807,employee3807@example.com,3055.16
James Smith 3808,employee3808@example.com,3056.53
Olivia Smith 3809,employee3809@example.com,3057.90
William Smith 3810,employee3810@example.com,3059.27
John Brown 3811,employee3811@example.com,3060.64
David Brown 3812,employee3812@example.com,3062.01
Sarah Brown 3813,employee3813@example.com,3063.38
Michael Brown 3814,employee3814@example.com,3064.75
Emily Brown 3815,employee3815@example.com,3066.12
Daniel Brown 3816,employee3816@example.com,3067.49
Sophia Brown 3817,employee3817@example.com,3068.86
James Brown 3818,employee3818@example.com,3070.23
Olivia Brown 3819,employee3819@example.com,3071.60
William Brown 3820,employee3820@example.com,3072.97
John Wilson 3821,employee3821@example.com,3074.34
David Wilson 3822,employee3822@example.com,3075.71
Sarah Wilson 3823,employee3823@example.com,3077.08
Michael Wilson 3824,employee3824@example.com,3078.45
Emily Wilson 3825,employee3825@example.com,3079.82
Daniel Wilson 3826,employee3826@example.com,3081.19
Sophia Wilson 3827,employee3827@example.com,3082.56
James Wilson 3828,employee3828@example.com,3083.93
Olivia Wilson 3829,employee3829@example.com,3085.30
William Wilson 3830,employee3830@example.com,3086.67
John Taylor 3831,employee3831@example.com,3088.04
David Taylor 3832,employee3832@example.com,3089.41
Sarah Taylor 3833,employee3833@example.com,3090.78
Michael Taylor 3834,employee3834@example.com,3092.15
Emily Taylor 3835,employee3835@example.com,3093.52
Daniel Taylor 3836,employee3836@example.com,3094.89
Sophia Taylor 3837,employee3837@example.com,3096.26
James Taylor 3838,employee3838@example.com,3097.63
Olivia Taylor 3839,employee3839@example.com,3099.00
William Taylor 3840,employee3840@example.com,3100.37
John Anderson 3841,employee3841@example.com,3101.74
David Anderson 3842,employee3842@example.com,3103.11
Sarah Anderson 3843,employee3843@example.com,3104.48
Michael Anderson 3844,employee3844@example.com,3105.85
Emily Anderson 3845,employee3845@example.com,3107.22
Daniel Anderson 3846,employee3846@example.com,3108.59
Sophia Anderson 3847,employee3847@example.com,3109.96
James Anderson 3848,employee3848@example.com,3111.33
Olivia Anderson 3849,employee3849@example.com,3112.70
William Anderson 3850,employee3850@example.com,3114.07
John Thomas 3851,employee3851@example.com,3115.44
David Thomas 3852,employee3852@example.com,3116.81
Sarah Thomas 3853,employee3853@example.com,3118.18
Michael Thomas 3854,employee3854@example.com,3119.55
Emily Thomas 3855,employee3855@example.com,3000.91
Daniel Thomas 3856,employee3856@example.com,3002.28
Sophia Thomas 3857,employee3857@example.com,3003.65
James Thomas 3858,employee3858@example.com,3005.02
Olivia Thomas 3859,employee3859@example.com,3006.39
William Thomas 3860,employee3860@example.com,3007.76
John Jackson 3861,employee3861@example.com,3009.13
David Jackson 3862,employee3862@example.com,3010.50
Sarah Jackson 3863,employee3863@example.com,3011.87
Michael Jackson 3864,employee3864@example.com,3013.24
Emily Jackson 3865,employee3865@example.com,3014.61
Daniel Jackson 3866,employee3866@example.com,3015.98
Sophia Jackson 3867,employee3867@example.com,3017.35
James Jackson 3868,employee3868@example.com,3018.72
Olivia Jackson 3869,employee3869@example.com,3020.09
William Jackson 3870,employee3870@example.com,3021.46
John White 3871,employee3871@example.com,3022.83
David White 3872,employee3872@example.com,3024.20
Sarah White 3873,employee3873@example.com,3025.57
Michael White 3874,employee3874@example.com,3026.94
Emily White 3875,employee3875@example.com,3028.31
Daniel White 3876,employee3876@example.com,3029.68
Sophia White 3877,employee3877@example.com,3031.05
James White 3878,employee3878@example.com,3032.42
Olivia White 3879,employee3879@example.com,3033.79
William White 3880,employee3880@example.com,3035.16
John Harris 3881,employee3881@example.com,3036.53
David Harris 3882,employee3882@example.com,3037.90
Sarah Harris 3883,employee3883@example.com,3039.27
Michael Harris 3884,employee3884@example.com,3040.64
Emily Harris 3885,employee3885@example.com,3042.01
Daniel Harris 3886,employee3886@example.com,3043.38
Sophia Harris 3887,employee3887@example.com,3044.75
James Harris 3888,employee3888@example.com,3046.12
Olivia Harris 3889,employee3889@example.com,3047.49
William Harris 3890,employee3890@example.com,3048.86
John Martin 3891,employee3891@example.com,3050.23
David Martin 3892,employee3892@example.com,3051.60
Sarah Martin 3893,employee3893@example.com,3052.97
Michael Martin 3894,employee3894@example.com,3054.34
Emily Martin 3895,employee3895@example.com,3055.71
Daniel Martin 3896,employee3896@example.com,3057.08
Sophia Martin 3897,employee3897@example.com,3058.45
James Martin 3898,employee3898@example.com,3059.82
Olivia Martin 3899,employee3899@example.com,3061.19
William Martin 3900,employee3900@example.com,3062.56
John Smith 3901,employee3901@example.com,3063.93
David Smith 3902,employee3902@example.com,3065.30
Sarah Smith 3903,employee3903@example.com,3066.67
Michael Smith 3904,employee3904@example.com,3068.04
Emily Smith 3905,employee3905@example.com,3069.41
Daniel Smith 3906,employee3906@example.com,3070.78
Sophia Smith 3907,employee3907@example.com,3072.15
James Smith 3908,employee3908@example.com,3073.52
Olivia Smith 3909,employee3909@example.com,3074.89
William Smith 3910,employee3910@example.com,3076.26
John Brown 3911,employee3911@example.com,3077.63
David Brown 3912,employee3912@example.com,3079.00
Sarah Brown 3913,employee3913@example.com,3080.37
Michael Brown 3914,employee3914@example.com,3081.74
Emily Brown 3915,employee3915@example.com,3083.11
Daniel Brown 3916,employee3916@example.com,3084.48
Sophia Brown 3917,employee3917@example.com,3085.85
James Brown 3918,employee3918@example.com,3087.22
Olivia Brown 3919,employee3919@example.com,3088.59
William Brown 3920,employee3920@example.com,3089.96
John Wilson 3921,employee3921@example.com,3091.33
David Wilson 3922,employee3922@example.com,3092.70
Sarah Wilson 3923,employee3923@example.com,3094.07
Michael Wilson 3924,employee3924@example.com,3095.44
Emily Wilson 3925,employee3925@example.com,3096.81
Daniel Wilson 3926,employee3926@example.com,3098.18
Sophia Wilson 3927,employee3927@example.com,3099.55
James Wilson 3928,employee3928@example.com,3100.92
Olivia Wilson 3929,employee3929@example.com,3102.29
William Wilson 3930,employee3930@example.com,3103.66
John Taylor 3931,employee3931@example.com,3105.03
David Taylor 3932,employee3932@example.com,3106.40
Sarah Taylor 3933,employee3933@example.com,3107.77
Michael Taylor 3934,employee3934@example.com,3109.14
Emily Taylor 3935,employee3935@example.com,3110.51
Daniel Taylor 3936,employee3936@example.com,3111.88
Sophia Taylor 3937,employee3937@example.com,3113.25
James Taylor 3938,employee3938@example.com,3114.62
Olivia Taylor 3939,employee3939@example.com,3115.99
William Taylor 3940,employee3940@example.com,3117.36
John Anderson 3941,employee3941@example.com,3118.73
David Anderson 3942,employee3942@example.com,3000.09
Sarah Anderson 3943,employee3943@example.com,3001.46
Michael Anderson 3944,employee3944@example.com,3002.83
Emily Anderson 3945,employee3945@example.com,3004.20
Daniel Anderson 3946,employee3946@example.com,3005.57
Sophia Anderson 3947,employee3947@example.com,3006.94
James Anderson 3948,employee3948@example.com,3008.31
Olivia Anderson 3949,employee3949@example.com,3009.68
William Anderson 3950,employee3950@example.com,3011.05
John Thomas 3951,employee3951@example.com,3012.42
David Thomas 3952,employee3952@example.com,3013.79
Sarah Thomas 3953,employee3953@example.com,3015.16
Michael Thomas 3954,employee3954@example.com,3016.53
Emily Thomas 3955,employee3955@example.com,3017.90
Daniel Thomas 3956,employee3956@example.com,3019.27
Sophia Thomas 3957,employee3957@example.com,3020.64
James Thomas 3958,employee3958@example.com,3022.01
Olivia Thomas 3959,employee3959@example.com,3023.38
William Thomas 3960,employee3960@example.com,3024.75
John Jackson 3961,employee3961@example.com,3026.12
David Jackson 3962,employee3962@example.com,3027.49
Sarah Jackson 3963,employee3963@example.com,3028.86
Michael Jackson 3964,employee3964@example.com,3030.23
Emily Jackson 3965,employee3965@example.com,3031.60
Daniel Jackson 3966,employee3966@example.com,3032.97
Sophia Jackson 3967,employee3967@example.com,3034.34
James Jackson 3968,employee3968@example.com,3035.71
Olivia Jackson 3969,employee3969@example.com,3037.08
William Jackson 3970,employee3970@example.com,3038.45
John White 3971,employee3971@example.com,3039.82
David White 3972,employee3972@example.com,3041.19
Sarah White 3973,employee3973@example.com,3042.56
Michael White 3974,employee3974@example.com,3043.93
Emily White 3975,employee3975@example.com,3045.30
Daniel White 3976,employee3976@example.com,3046.67
Sophia White 3977,employee3977@example.com,3048.04
James White 3978,employee3978@example.com,3049.41
Olivia White 3979,employee3979@example.com,3050.78
William White 3980,employee3980@example.com,3052.15
John Harris 3981,employee3981@example.com,3053.52
David Harris 3982,employee3982@example.com,3054.89
Sarah Harris 3983,employee3983@example.com,3056.26
Michael Harris 3984,employee3984@example.com,3057.63
Emily Harris 3985,employee3985@example.com,3059.00
Daniel Harris 3986,employee3986@example.com,3060.37
Sophia Harris 3987,employee3987@example.com,3061.74
James Harris 3988,employee3988@example.com,3063.11
Olivia Harris 3989,employee3989@example.com,3064.48
William Harris 3990,employee3990@example.com,3065.85
John Martin 3991,employee3991@example.com,3067.22
David Martin 3992,employee3992@example.com,3068.59
Sarah Martin 3993,employee3993@example.com,3069.96
Michael Martin 3994,employee3994@example.com,3071.33
Emily Martin 3995,employee3995@example.com,3072.70
Daniel Martin 3996,employee3996@example.com,3074.07
Sophia Martin 3997,employee3997@example.com,3075.44
James Martin 3998,employee3998@example.com,3076.81
Olivia Martin 3999,employee3999@example.com,3078.18
William Martin 4000,employee4000@example.com,3079.55
John Smith 4001,employee4001@example.com,3080.92
David Smith 4002,employee4002@example.com,3082.29
Sarah Smith 4003,employee4003@example.com,3083.66
Michael Smith 4004,employee4004@example.com,3085.03
Emily Smith 4005,employee4005@example.com,3086.40
Daniel Smith 4006,employee4006@example.com,3087.77
Sophia Smith 4007,employee4007@example.com,3089.14
James Smith 4008,employee4008@example.com,3090.51
Olivia Smith 4009,employee4009@example.com,3091.88
William Smith 4010,employee4010@example.com,3093.25
John Brown 4011,employee4011@example.com,3094.62
David Brown 4012,employee4012@example.com,3095.99
Sarah Brown 4013,employee4013@example.com,3097.36
Michael Brown 4014,employee4014@example.com,3098.73
Emily Brown 4015,employee4015@example.com,3100.10
Daniel Brown 4016,employee4016@example.com,3101.47
Sophia Brown 4017,employee4017@example.com,3102.84
James Brown 4018,employee4018@example.com,3104.21
Olivia Brown 4019,employee4019@example.com,3105.58
William Brown 4020,employee4020@example.com,3106.95
John Wilson 4021,employee4021@example.com,3108.32
David Wilson 4022,employee4022@example.com,3109.69
Sarah Wilson 4023,employee4023@example.com,3111.06
Michael Wilson 4024,employee4024@example.com,3112.43
Emily Wilson 4025,employee4025@example.com,3113.80
Daniel Wilson 4026,employee4026@example.com,3115.17
Sophia Wilson 4027,employee4027@example.com,3116.54
James Wilson 4028,employee4028@example.com,3117.91
Olivia Wilson 4029,employee4029@example.com,3119.28
William Wilson 4030,employee4030@example.com,3000.64
John Taylor 4031,employee4031@example.com,3002.01
David Taylor 4032,employee4032@example.com,3003.38
Sarah Taylor 4033,employee4033@example.com,3004.75
Michael Taylor 4034,employee4034@example.com,3006.12
Emily Taylor 4035,employee4035@example.com,3007.49
Daniel Taylor 4036,employee4036@example.com,3008.86
Sophia Taylor 4037,employee4037@example.com,3010.23
James Taylor 4038,employee4038@example.com,3011.60
Olivia Taylor 4039,employee4039@example.com,3012.97
William Taylor 4040,employee4040@example.com,3014.34
John Anderson 4041,employee4041@example.com,3015.71
David Anderson 4042,employee4042@example.com,3017.08
Sarah Anderson 4043,employee4043@example.com,3018.45
Michael Anderson 4044,employee4044@example.com,3019.82
Emily Anderson 4045,employee4045@example.com,3021.19
Daniel Anderson 4046,employee4046@example.com,3022.56
Sophia Anderson 4047,employee4047@example.com,3023.93
James Anderson 4048,employee4048@example.com,3025.30
Olivia Anderson 4049,employee4049@example.com,3026.67
William Anderson 4050,employee4050@example.com,3028.04
John Thomas 4051,employee4051@example.com,3029.41
David Thomas 4052,employee4052@example.com,3030.78
Sarah Thomas 4053,employee4053@example.com,3032.15
Michael Thomas 4054,employee4054@example.com,3033.52
Emily Thomas 4055,employee4055@example.com,3034.89
Daniel Thomas 4056,employee4056@example.com,3036.26
Sophia Thomas 4057,employee4057@example.com,3037.63
James Thomas 4058,employee4058@example.com,3039.00
Olivia Thomas 4059,employee4059@example.com,3040.37
William Thomas 4060,employee4060@example.com,3041.74
John Jackson 4061,employee4061@example.com,3043.11
David Jackson 4062,employee4062@example.com,3044.48
Sarah Jackson 4063,employee4063@example.com,3045.85
Michael Jackson 4064,employee4064@example.com,3047.22
Emily Jackson 4065,employee4065@example.com,3048.59
Daniel Jackson 4066,employee4066@example.com,3049.96
Sophia Jackson 4067,employee4067@example.com,3051.33
James Jackson 4068,employee4068@example.com,3052.70
Olivia Jackson 4069,employee4069@example.com,3054.07
William Jackson 4070,employee4070@example.com,3055.44
John White 4071,employee4071@example.com,3056.81
David White 4072,employee4072@example.com,3058.18
Sarah White 4073,employee4073@example.com,3059.55
Michael White 4074,employee4074@example.com,3060.92
Emily White 4075,employee4075@example.com,3062.29
Daniel White 4076,employee4076@example.com,3063.66
Sophia White 4077,employee4077@example.com,3065.03
James White 4078,employee4078@example.com,3066.40
Olivia White 4079,employee4079@example.com,3067.77
William White 4080,employee4080@example.com,3069.14
John Harris 4081,employee4081@example.com,3070.51
David Harris 4082,employee4082@example.com,3071.88
Sarah Harris 4083,employee4083@example.com,3073.25
Michael Harris 4084,employee4084@example.com,3074.62
Emily Harris 4085,employee4085@example.com,3075.99
Daniel Harris 4086,employee4086@example.com,3077.36
Sophia Harris 4087,employee4087@example.com,3078.73
James Harris 4088,employee4088@example.com,3080.10
Olivia Harris 4089,employee4089@example.com,3081.47
William Harris 4090,employee4090@example.com,3082.84
John Martin 4091,employee4091@example.com,3084.21
David Martin 4092,employee4092@example.com,3085.58
Sarah Martin 4093,employee4093@example.com,3086.95
Michael Martin 4094,employee4094@example.com,3088.32
Emily Martin 4095,employee4095@example.com,3089.69
Daniel Martin 4096,employee4096@example.com,3091.06
Sophia Martin 4097,employee4097@example.com,3092.43
James Martin 4098,employee4098@example.com,3093.80
Olivia Martin 4099,employee4099@example.com,3095.17
William Martin 4100,employee4100@example.com,3096.54
John Smith 4101,employee4101@example.com,3097.91
David Smith 4102,employee4102@example.com,3099.28
Sarah Smith 4103,employee4103@example.com,3100.65
Michael Smith 4104,employee4104@example.com,3102.02
Emily Smith 4105,employee4105@example.com,3103.39
Daniel Smith 4106,employee4106@example.com,3104.76
Sophia Smith 4107,employee4107@example.com,3106.13
James Smith 4108,employee4108@example.com,3107.50
Olivia Smith 4109,employee4109@example.com,3108.87
William Smith 4110,employee4110@example.com,3110.24
John Brown 4111,employee4111@example.com,3111.61
David Brown 4112,employee4112@example.com,3112.98
Sarah Brown 4113,employee4113@example.com,3114.35
Michael Brown 4114,employee4114@example.com,3115.72
Emily Brown 4115,employee4115@example.com,3117.09
Daniel Brown 4116,employee4116@example.com,3118.46
Sophia Brown 4117,employee4117@example.com,3119.83
James Brown 4118,employee4118@example.com,3001.19
Olivia Brown 4119,employee4119@example.com,3002.56
William Brown 4120,employee4120@example.com,3003.93
John Wilson 4121,employee4121@example.com,3005.30
David Wilson 4122,employee4122@example.com,3006.67
Sarah Wilson 4123,employee4123@example.com,3008.04
Michael Wilson 4124,employee4124@example.com,3009.41
Emily Wilson 4125,employee4125@example.com,3010.78
Daniel Wilson 4126,employee4126@example.com,3012.15
Sophia Wilson 4127,employee4127@example.com,3013.52
James Wilson 4128,employee4128@example.com,3014.89
Olivia Wilson 4129,employee4129@example.com,3016.26
William Wilson 4130,employee4130@example.com,3017.63
John Taylor 4131,employee4131@example.com,3019.00
David Taylor 4132,employee4132@example.com,3020.37
Sarah Taylor 4133,employee4133@example.com,3021.74
Michael Taylor 4134,employee4134@example.com,3023.11
Emily Taylor 4135,employee4135@example.com,3024.48
Daniel Taylor 4136,employee4136@example.com,3025.85
Sophia Taylor 4137,employee4137@example.com,3027.22
James Taylor 4138,employee4138@example.com,3028.59
Olivia Taylor 4139,employee4139@example.com,3029.96
William Taylor 4140,employee4140@example.com,3031.33
John Anderson 4141,employee4141@example.com,3032.70
David Anderson 4142,employee4142@example.com,3034.07
Sarah Anderson 4143,employee4143@example.com,3035.44
Michael Anderson 4144,employee4144@example.com,3036.81
Emily Anderson 4145,employee4145@example.com,3038.18
Daniel Anderson 4146,employee4146@example.com,3039.55
Sophia Anderson 4147,employee4147@example.com,3040.92
James Anderson 4148,employee4148@example.com,3042.29
Olivia Anderson 4149,employee4149@example.com,3043.66
William Anderson 4150,employee4150@example.com,3045.03
John Thomas 4151,employee4151@example.com,3046.40
David Thomas 4152,employee4152@example.com,3047.77
Sarah Thomas 4153,employee4153@example.com,3049.14
Michael Thomas 4154,employee4154@example.com,3050.51
Emily Thomas 4155,employee4155@example.com,3051.88
Daniel Thomas 4156,employee4156@example.com,3053.25
Sophia Thomas 4157,employee4157@example.com,3054.62
James Thomas 4158,employee4158@example.com,3055.99
Olivia Thomas 4159,employee4159@example.com,3057.36
William Thomas 4160,employee4160@example.com,3058.73
John Jackson 4161,employee4161@example.com,3060.10
David Jackson 4162,employee4162@example.com,3061.47
Sarah Jackson 4163,employee4163@example.com,3062.84
Michael Jackson 4164,employee4164@example.com,3064.21
Emily Jackson 4165,employee4165@example.com,3065.58
Daniel Jackson 4166,employee4166@example.com,3066.95
Sophia Jackson 4167,employee4167@example.com,3068.32
James Jackson 4168,employee4168@example.com,3069.69
Olivia Jackson 4169,employee4169@example.com,3071.06
William Jackson 4170,employee4170@example.com,3072.43
John White 4171,employee4171@example.com,3073.80
David White 4172,employee4172@example.com,3075.17
Sarah White 4173,employee4173@example.com,3076.54
Michael White 4174,employee4174@example.com,3077.91
Emily White 4175,employee4175@example.com,3079.28
Daniel White 4176,employee4176@example.com,3080.65
Sophia White 4177,employee4177@example.com,3082.02
James White 4178,employee4178@example.com,3083.39
Olivia White 4179,employee4179@example.com,3084.76
William White 4180,employee4180@example.com,3086.13
John Harris 4181,employee4181@example.com,3087.50
David Harris 4182,employee4182@example.com,3088.87
Sarah Harris 4183,employee4183@example.com,3090.24
Michael Harris 4184,employee4184@example.com,3091.61
Emily Harris 4185,employee4185@example.com,3092.98
Daniel Harris 4186,employee4186@example.com,3094.35
Sophia Harris 4187,employee4187@example.com,3095.72
James Harris 4188,employee4188@example.com,3097.09
Olivia Harris 4189,employee4189@example.com,3098.46
William Harris 4190,employee4190@example.com,3099.83
John Martin 4191,employee4191@example.com,3101.20
David Martin 4192,employee4192@example.com,3102.57
Sarah Martin 4193,employee4193@example.com,3103.94
Michael Martin 4194,employee4194@example.com,3105.31
Emily Martin 4195,employee4195@example.com,3106.68
Daniel Martin 4196,employee4196@example.com,3108.05
Sophia Martin 4197,employee4197@example.com,3109.42
James Martin 4198,employee4198@example.com,3110.79
Olivia Martin 4199,employee4199@example.com,3112.16
William Martin 4200,employee4200@example.com,3113.53
John Smith 4201,employee4201@example.com,3114.90
David Smith 4202,employee4202@example.com,3116.27
Sarah Smith 4203,employee4203@example.com,3117.64
Michael Smith 4204,employee4204@example.com,3119.01
Emily Smith 4205,employee4205@example.com,3000.37
Daniel Smith 4206,employee4206@example.com,3001.74
Sophia Smith 4207,employee4207@example.com,3003.11
James Smith 4208,employee4208@example.com,3004.48
Olivia Smith 4209,employee4209@example.com,3005.85
William Smith 4210,employee4210@example.com,3007.22
John Brown 4211,employee4211@example.com,3008.59
David Brown 4212,employee4212@example.com,3009.96
Sarah Brown 4213,employee4213@example.com,3011.33
Michael Brown 4214,employee4214@example.com,3012.70
Emily Brown 4215,employee4215@example.com,3014.07
Daniel Brown 4216,employee4216@example.com,3015.44
Sophia Brown 4217,employee4217@example.com,3016.81
James Brown 4218,employee4218@example.com,3018.18
Olivia Brown 4219,employee4219@example.com,3019.55
William Brown 4220,employee4220@example.com,3020.92
John Wilson 4221,employee4221@example.com,3022.29
David Wilson 4222,employee4222@example.com,3023.66
Sarah Wilson 4223,employee4223@example.com,3025.03
Michael Wilson 4224,employee4224@example.com,3026.40
Emily Wilson 4225,employee4225@example.com,3027.77
Daniel Wilson 4226,employee4226@example.com,3029.14
Sophia Wilson 4227,employee4227@example.com,3030.51
James Wilson 4228,employee4228@example.com,3031.88
Olivia Wilson 4229,employee4229@example.com,3033.25
William Wilson 4230,employee4230@example.com,3034.62
John Taylor 4231,employee4231@example.com,3035.99
David Taylor 4232,employee4232@example.com,3037.36
Sarah Taylor 4233,employee4233@example.com,3038.73
Michael Taylor 4234,employee4234@example.com,3040.10
Emily Taylor 4235,employee4235@example.com,3041.47
Daniel Taylor 4236,employee4236@example.com,3042.84
Sophia Taylor 4237,employee4237@example.com,3044.21
James Taylor 4238,employee4238@example.com,3045.58
Olivia Taylor 4239,employee4239@example.com,3046.95
William Taylor 4240,employee4240@example.com,3048.32
John Anderson 4241,employee4241@example.com,3049.69
David Anderson 4242,employee4242@example.com,3051.06
Sarah Anderson 4243,employee4243@example.com,3052.43
Michael Anderson 4244,employee4244@example.com,3053.80
Emily Anderson 4245,employee4245@example.com,3055.17
Daniel Anderson 4246,employee4246@example.com,3056.54
Sophia Anderson 4247,employee4247@example.com,3057.91
James Anderson 4248,employee4248@example.com,3059.28
Olivia Anderson 4249,employee4249@example.com,3060.65
William Anderson 4250,employee4250@example.com,3062.02
John Thomas 4251,employee4251@example.com,3063.39
David Thomas 4252,employee4252@example.com,3064.76
Sarah Thomas 4253,employee4253@example.com,3066.13
Michael Thomas 4254,employee4254@example.com,3067.50
Emily Thomas 4255,employee4255@example.com,3068.87
Daniel Thomas 4256,employee4256@example.com,3070.24
Sophia Thomas 4257,employee4257@example.com,3071.61
James Thomas 4258,employee4258@example.com,3072.98
Olivia Thomas 4259,employee4259@example.com,3074.35
William Thomas 4260,employee4260@example.com,3075.72
John Jackson 4261,employee4261@example.com,3077.09
David Jackson 4262,employee4262@example.com,3078.46
Sarah Jackson 4263,employee4263@example.com,3079.83
Michael Jackson 4264,employee4264@example.com,3081.20
Emily Jackson 4265,employee4265@example.com,3082.57
Daniel Jackson 4266,employee4266@example.com,3083.94
Sophia Jackson 4267,employee4267@example.com,3085.31
James Jackson 4268,employee4268@example.com,3086.68
Olivia Jackson 4269,employee4269@example.com,3088.05
William Jackson 4270,employee4270@example.com,3089.42
John White 4271,employee4271@example.com,3090.79
David White 4272,employee4272@example.com,3092.16
Sarah White 4273,employee4273@example.com,3093.53
Michael White 4274,employee4274@example.com,3094.90
Emily White 4275,employee4275@example.com,3096.27
Daniel White 4276,employee4276@example.com,3097.64
Sophia White 4277,employee4277@example.com,3099.01
James White 4278,employee4278@example.com,3100.38
Olivia White 4279,employee4279@example.com,3101.75
William White 4280,employee4280@example.com,3103.12
John Harris 4281,employee4281@example.com,3104.49
David Harris 4282,employee4282@example.com,3105.86
Sarah Harris 4283,employee4283@example.com,3107.23
Michael Harris 4284,employee4284@example.com,3108.60
Emily Harris 4285,employee4285@example.com,3109.97
Daniel Harris 4286,employee4286@example.com,3111.34
Sophia Harris 4287,employee4287@example.com,3112.71
James Harris 4288,employee4288@example.com,3114.08
Olivia Harris 4289,employee4289@example.com,3115.45
William Harris 4290,employee4290@example.com,3116.82
John Martin 4291,employee4291@example.com,3118.19
David Martin 4292,employee4292@example.com,3119.56
Sarah Martin 4293,employee4293@example.com,3000.92
Michael Martin 4294,employee4294@example.com,3002.29
Emily Martin 4295,employee4295@example.com,3003.66
Daniel Martin 4296,employee4296@example.com,3005.03
Sophia Martin 4297,employee4297@example.com,3006.40
James Martin 4298,employee4298@example.com,3007.77
Olivia Martin 4299,employee4299@example.com,3009.14
William Martin 4300,employee4300@example.com,3010.51
John Smith 4301,employee4301@example.com,3011.88
David Smith 4302,employee4302@example.com,3013.25
Sarah Smith 4303,employee4303@example.com,3014.62
Michael Smith 4304,employee4304@example.com,3015.99
Emily Smith 4305,employee4305@example.com,3017.36
Daniel Smith 4306,employee4306@example.com,3018.73
Sophia Smith 4307,employee4307@example.com,3020.10
James Smith 4308,employee4308@example.com,3021.47
Olivia Smith 4309,employee4309@example.com,3022.84
William Smith 4310,employee4310@example.com,3024.21
John Brown 4311,employee4311@example.com,3025.58
David Brown 4312,employee4312@example.com,3026.95
Sarah Brown 4313,employee4313@example.com,3028.32
Michael Brown 4314,employee4314@example.com,3029.69
Emily Brown 4315,employee4315@example.com,3031.06
Daniel Brown 4316,employee4316@example.com,3032.43
Sophia Brown 4317,employee4317@example.com,3033.80
James Brown 4318,employee4318@example.com,3035.17
Olivia Brown 4319,employee4319@example.com,3036.54
William Brown 4320,employee4320@example.com,3037.91
John Wilson 4321,employee4321@example.com,3039.28
David Wilson 4322,employee4322@example.com,3040.65
Sarah Wilson 4323,employee4323@example.com,3042.02
Michael Wilson 4324,employee4324@example.com,3043.39
Emily Wilson 4325,employee4325@example.com,3044.76
Daniel Wilson 4326,employee4326@example.com,3046.13
Sophia Wilson 4327,employee4327@example.com,3047.50
James Wilson 4328,employee4328@example.com,3048.87
Olivia Wilson 4329,employee4329@example.com,3050.24
William Wilson 4330,employee4330@example.com,3051.61
John Taylor 4331,employee4331@example.com,3052.98
David Taylor 4332,employee4332@example.com,3054.35
Sarah Taylor 4333,employee4333@example.com,3055.72
Michael Taylor 4334,employee4334@example.com,3057.09
Emily Taylor 4335,employee4335@example.com,3058.46
Daniel Taylor 4336,employee4336@example.com,3059.83
Sophia Taylor 4337,employee4337@example.com,3061.20
James Taylor 4338,employee4338@example.com,3062.57
Olivia Taylor 4339,employee4339@example.com,3063.94
William Taylor 4340,employee4340@example.com,3065.31
John Anderson 4341,employee4341@example.com,3066.68
David Anderson 4342,employee4342@example.com,3068.05
Sarah Anderson 4343,employee4343@example.com,3069.42
Michael Anderson 4344,employee4344@example.com,3070.79
Emily Anderson 4345,employee4345@example.com,3072.16
Daniel Anderson 4346,employee4346@example.com,3073.53
Sophia Anderson 4347,employee4347@example.com,3074.90
James Anderson 4348,employee4348@example.com,3076.27
Olivia Anderson 4349,employee4349@example.com,3077.64
William Anderson 4350,employee4350@example.com,3079.01
John Thomas 4351,employee4351@example.com,3080.38
David Thomas 4352,employee4352@example.com,3081.75
Sarah Thomas 4353,employee4353@example.com,3083.12
Michael Thomas 4354,employee4354@example.com,3084.49
Emily Thomas 4355,employee4355@example.com,3085.86
Daniel Thomas 4356,employee4356@example.com,3087.23
Sophia Thomas 4357,employee4357@example.com,3088.60
James Thomas 4358,employee4358@example.com,3089.97
Olivia Thomas 4359,employee4359@example.com,3091.34
William Thomas 4360,employee4360@example.com,3092.71
John Jackson 4361,employee4361@example.com,3094.08
David Jackson 4362,employee4362@example.com,3095.45
Sarah Jackson 4363,employee4363@example.com,3096.82
Michael Jackson 4364,employee4364@example.com,3098.19
Emily Jackson 4365,employee4365@example.com,3099.56
Daniel Jackson 4366,employee4366@example.com,3100.93
Sophia Jackson 4367,employee4367@example.com,3102.30
James Jackson 4368,employee4368@example.com,3103.67
Olivia Jackson 4369,employee4369@example.com,3105.04
William Jackson 4370,employee4370@example.com,3106.41
John White 4371,employee4371@example.com,3107.78
David White 4372,employee4372@example.com,3109.15
Sarah White 4373,employee4373@example.com,3110.52
Michael White 4374,employee4374@example.com,3111.89
Emily White 4375,employee4375@example.com,3113.26
Daniel White 4376,employee4376@example.com,3114.63
Sophia White 4377,employee4377@example.com,3116.00
James White 4378,employee4378@example.com,3117.37
Olivia White 4379,employee4379@example.com,3118.74
William White 4380,employee4380@example.com,3000.10
John Harris 4381,employee4381@example.com,3001.47
David Harris 4382,employee4382@example.com,3002.84
Sarah Harris 4383,employee4383@example.com,3004.21
Michael Harris 4384,employee4384@example.com,3005.58
Emily Harris 4385,employee4385@example.com,3006.95
Daniel Harris 4386,employee4386@example.com,3008.32
Sophia Harris 4387,employee4387@example.com,3009.69
James Harris 4388,employee4388@example.com,3011.06
Olivia Harris 4389,employee4389@example.com,3012.43
William Harris 4390,employee4390@example.com,3013.80
John Martin 4391,employee4391@example.com,3015.17
David Martin 4392,employee4392@example.com,3016.54
Sarah Martin 4393,employee4393@example.com,3017.91
Michael Martin 4394,employee4394@example.com,3019.28
Emily Martin 4395,employee4395@example.com,3020.65
Daniel Martin 4396,employee4396@example.com,3022.02
Sophia Martin 4397,employee4397@example.com,3023.39
James Martin 4398,employee4398@example.com,3024.76
Olivia Martin 4399,employee4399@example.com,3026.13
William Martin 4400,employee4400@example.com,3027.50
John Smith 4401,employee4401@example.com,3028.87
David Smith 4402,employee4402@example.com,3030.24
Sarah Smith 4403,employee4403@example.com,3031.61
Michael Smith 4404,employee4404@example.com,3032.98
Emily Smith 4405,employee4405@example.com,3034.35
Daniel Smith 4406,employee4406@example.com,3035.72
Sophia Smith 4407,employee4407@example.com,3037.09
James Smith 4408,employee4408@example.com,3038.46
Olivia Smith 4409,employee4409@example.com,3039.83
William Smith 4410,employee4410@example.com,3041.20
John Brown 4411,employee4411@example.com,3042.57
David Brown 4412,employee4412@example.com,3043.94
Sarah Brown 4413,employee4413@example.com,3045.31
Michael Brown 4414,employee4414@example.com,3046.68
Emily Brown 4415,employee4415@example.com,3048.05
Daniel Brown 4416,employee4416@example.com,3049.42
Sophia Brown 4417,employee4417@example.com,3050.79
James Brown 4418,employee4418@example.com,3052.16
Olivia Brown 4419,employee4419@example.com,3053.53
William Brown 4420,employee4420@example.com,3054.90
John Wilson 4421,employee4421@example.com,3056.27
David Wilson 4422,employee4422@example.com,3057.64
Sarah Wilson 4423,employee4423@example.com,3059.01
Michael Wilson 4424,employee4424@example.com,3060.38
Emily Wilson 4425,employee4425@example.com,3061.75
Daniel Wilson 4426,employee4426@example.com,3063.12
Sophia Wilson 4427,employee4427@example.com,3064.49
James Wilson 4428,employee4428@example.com,3065.86
Olivia Wilson 4429,employee4429@example.com,3067.23
William Wilson 4430,employee4430@example.com,3068.60
John Taylor 4431,employee4431@example.com,3069.97
David Taylor 4432,employee4432@example.com,3071.34
Sarah Taylor 4433,employee4433@example.com,3072.71
Michael Taylor 4434,employee4434@example.com,3074.08
Emily Taylor 4435,employee4435@example.com,3075.45
Daniel Taylor 4436,employee4436@example.com,3076.82
Sophia Taylor 4437,employee4437@example.com,3078.19
James Taylor 4438,employee4438@example.com,3079.56
Olivia Taylor 4439,employee4439@example.com,3080.93
William Taylor 4440,employee4440@example.com,3082.30
John Anderson 4441,employee4441@example.com,3083.67
David Anderson 4442,employee4442@example.com,3085.04
Sarah Anderson 4443,employee4443@example.com,3086.41
Michael Anderson 4444,employee4444@example.com,3087.78
Emily Anderson 4445,employee4445@example.com,3089.15
Daniel Anderson 4446,employee4446@example.com,3090.52
Sophia Anderson 4447,employee4447@example.com,3091.89
James Anderson 4448,employee4448@example.com,3093.26
Olivia Anderson 4449,employee4449@example.com,3094.63
William Anderson 4450,employee4450@example.com,3096.00
John Thomas 4451,employee4451@example.com,3097.37
David Thomas 4452,employee4452@example.com,3098.74
Sarah Thomas 4453,employee4453@example.com,3100.11
Michael Thomas 4454,employee4454@example.com,3101.48
Emily Thomas 4455,employee4455@example.com,3102.85
Daniel Thomas 4456,employee4456@example.com,3104.22
Sophia Thomas 4457,employee4457@example.com,3105.59
James Thomas 4458,employee4458@example.com,3106.96
Olivia Thomas 4459,employee4459@example.com,3108.33
William Thomas 4460,employee4460@example.com,3109.70
John Jackson 4461,employee4461@example.com,3111.07
David Jackson 4462,employee4462@example.com,3112.44
Sarah Jackson 4463,employee4463@example.com,3113.81
Michael Jackson 4464,employee4464@example.com,3115.18
Emily Jackson 4465,employee4465@example.com,3116.55
Daniel Jackson 4466,employee4466@example.com,3117.92
Sophia Jackson 4467,employee4467@example.com,3119.29
James Jackson 4468,employee4468@example.com,3000.65
Olivia Jackson 4469,employee4469@example.com,3002.02
William Jackson 4470,employee4470@example.com,3003.39
John White 4471,employee4471@example.com,3004.76
David White 4472,employee4472@example.com,3006.13
Sarah White 4473,employee4473@example.com,3007.50
Michael White 4474,employee4474@example.com,3008.87
Emily White 4475,employee4475@example.com,3010.24
Daniel White 4476,employee4476@example.com,3011.61
Sophia White 4477,employee4477@example.com,3012.98
James White 4478,employee4478@example.com,3014.35
Olivia White 4479,employee4479@example.com,3015.72
William White 4480,employee4480@example.com,3017.09
John Harris 4481,employee4481@example.com,3018.46
David Harris 4482,employee4482@example.com,3019.83
Sarah Harris 4483,employee4483@example.com,3021.20
Michael Harris 4484,employee4484@example.com,3022.57
Emily Harris 4485,employee4485@example.com,3023.94
Daniel Harris 4486,employee4486@example.com,3025.31
Sophia Harris 4487,employee4487@example.com,3026.68
James Harris 4488,employee4488@example.com,3028.05
Olivia Harris 4489,employee4489@example.com,3029.42
William Harris 4490,employee4490@example.com,3030.79
John Martin 4491,employee4491@example.com,3032.16
David Martin 4492,employee4492@example.com,3033.53
Sarah Martin 4493,employee4493@example.com,3034.90
Michael Martin 4494,employee4494@example.com,3036.27
Emily Martin 4495,employee4495@example.com,3037.64
Daniel Martin 4496,employee4496@example.com,3039.01
Sophia Martin 4497,employee4497@example.com,3040.38
James Martin 4498,employee4498@example.com,3041.75
Olivia Martin 4499,employee4499@example.com,3043.12
William Martin 4500,employee4500@example.com,3044.49
John Smith 4501,employee4501@example.com,3045.86
David Smith 4502,employee4502@example.com,3047.23
Sarah Smith 4503,employee4503@example.com,3048.60
Michael Smith 4504,employee4504@example.com,3049.97
Emily Smith 4505,employee4505@example.com,3051.34
Daniel Smith 4506,employee4506@example.com,3052.71
Sophia Smith 4507,employee4507@example.com,3054.08
James Smith 4508,employee4508@example.com,3055.45
Olivia Smith 4509,employee4509@example.com,3056.82
William Smith 4510,employee4510@example.com,3058.19
John Brown 4511,employee4511@example.com,3059.56
David Brown 4512,employee4512@example.com,3060.93
Sarah Brown 4513,employee4513@example.com,3062.30
Michael Brown 4514,employee4514@example.com,3063.67
Emily Brown 4515,employee4515@example.com,3065.04
Daniel Brown 4516,employee4516@example.com,3066.41
Sophia Brown 4517,employee4517@example.com,3067.78
James Brown 4518,employee4518@example.com,3069.15
Olivia Brown 4519,employee4519@example.com,3070.52
William Brown 4520,employee4520@example.com,3071.89
John Wilson 4521,employee4521@example.com,3073.26
David Wilson 4522,employee4522@example.com,3074.63
Sarah Wilson 4523,employee4523@example.com,3076.00
Michael Wilson 4524,employee4524@example.com,3077.37
Emily Wilson 4525,employee4525@example.com,3078.74
Daniel Wilson 4526,employee4526@example.com,3080.11
Sophia Wilson 4527,employee4527@example.com,3081.48
James Wilson 4528,employee4528@example.com,3082.85
Olivia Wilson 4529,employee4529@example.com,3084.22
William Wilson 4530,employee4530@example.com,3085.59
John Taylor 4531,employee4531@example.com,3086.96
David Taylor 4532,employee4532@example.com,3088.33
Sarah Taylor 4533,employee4533@example.com,3089.70
Michael Taylor 4534,employee4534@example.com,3091.07
Emily Taylor 4535,employee4535@example.com,3092.44
Daniel Taylor 4536,employee4536@example.com,3093.81
Sophia Taylor 4537,employee4537@example.com,3095.18
James Taylor 4538,employee4538@example.com,3096.55
Olivia Taylor 4539,employee4539@example.com,3097.92
William Taylor 4540,employee4540@example.com,3099.29
John Anderson 4541,employee4541@example.com,3100.66
David Anderson 4542,employee4542@example.com,3102.03
Sarah Anderson 4543,employee4543@example.com,3103.40
Michael Anderson 4544,employee4544@example.com,3104.77
Emily Anderson 4545,employee4545@example.com,3106.14
Daniel Anderson 4546,employee4546@example.com,3107.51
Sophia Anderson 4547,employee4547@example.com,3108.88
James Anderson 4548,employee4548@example.com,3110.25
Olivia Anderson 4549,employee4549@example.com,3111.62
William Anderson 4550,employee4550@example.com,3112.99
John Thomas 4551,employee4551@example.com,3114.36
David Thomas 4552,employee4552@example.com,3115.73
Sarah Thomas 4553,employee4553@example.com,3117.10
Michael Thomas 4554,employee4554@example.com,3118.47
Emily Thomas 4555,employee4555@example.com,3119.84
Daniel Thomas 4556,employee4556@example.com,3001.20
Sophia Thomas 4557,employee4557@example.com,3002.57
James Thomas 4558,employee4558@example.com,3003.94
Olivia Thomas 4559,employee4559@example.com,3005.31
William Thomas 4560,employee4560@example.com,3006.68
John Jackson 4561,employee4561@example.com,3008.05
David Jackson 4562,employee4562@example.com,3009.42
Sarah Jackson 4563,employee4563@example.com,3010.79
Michael Jackson 4564,employee4564@example.com,3012.16
Emily Jackson 4565,employee4565@example.com,3013.53
Daniel Jackson 4566,employee4566@example.com,3014.90
Sophia Jackson 4567,employee4567@example.com,3016.27
James Jackson 4568,employee4568@example.com,3017.64
Olivia Jackson 4569,employee4569@example.com,3019.01
William Jackson 4570,employee4570@example.com,3020.38
John White 4571,employee4571@example.com,3021.75
David White 4572,employee4572@example.com,3023.12
Sarah White 4573,employee4573@example.com,3024.49
Michael White 4574,employee4574@example.com,3025.86
Emily White 4575,employee4575@example.com,3027.23
Daniel White 4576,employee4576@example.com,3028.60
Sophia White 4577,employee4577@example.com,3029.97
James White 4578,employee4578@example.com,3031.34
Olivia White 4579,employee4579@example.com,3032.71
William White 4580,employee4580@example.com,3034.08
John Harris 4581,employee4581@example.com,3035.45
David Harris 4582,employee4582@example.com,3036.82
Sarah Harris 4583,employee4583@example.com,3038.19
Michael Harris 4584,employee4584@example.com,3039.56
Emily Harris 4585,employee4585@example.com,3040.93
Daniel Harris 4586,employee4586@example.com,3042.30
Sophia Harris 4587,employee4587@example.com,3043.67
James Harris 4588,employee4588@example.com,3045.04
Olivia Harris 4589,employee4589@example.com,3046.41
William Harris 4590,employee4590@example.com,3047.78
John Martin 4591,employee4591@example.com,3049.15
David Martin 4592,employee4592@example.com,3050.52
Sarah Martin 4593,employee4593@example.com,3051.89
Michael Martin 4594,employee4594@example.com,3053.26
Emily Martin 4595,employee4595@example.com,3054.63
Daniel Martin 4596,employee4596@example.com,3056.00
Sophia Martin 4597,employee4597@example.com,3057.37
James Martin 4598,employee4598@example.com,3058.74
Olivia Martin 4599,employee4599@example.com,3060.11
William Martin 4600,employee4600@example.com,3061.48
John Smith 4601,employee4601@example.com,3062.85
David Smith 4602,employee4602@example.com,3064.22
Sarah Smith 4603,employee4603@example.com,3065.59
Michael Smith 4604,employee4604@example.com,3066.96
Emily Smith 4605,employee4605@example.com,3068.33
Daniel Smith 4606,employee4606@example.com,3069.70
Sophia Smith 4607,employee4607@example.com,3071.07
James Smith 4608,employee4608@example.com,3072.44
Olivia Smith 4609,employee4609@example.com,3073.81
William Smith 4610,employee4610@example.com,3075.18
John Brown 4611,employee4611@example.com,3076.55
David Brown 4612,employee4612@example.com,3077.92
Sarah Brown 4613,employee4613@example.com,3079.29
Michael Brown 4614,employee4614@example.com,3080.66
Emily Brown 4615,employee4615@example.com,3082.03
Daniel Brown 4616,employee4616@example.com,3083.40
Sophia Brown 4617,employee4617@example.com,3084.77
James Brown 4618,employee4618@example.com,3086.14
Olivia Brown 4619,employee4619@example.com,3087.51
William Brown 4620,employee4620@example.com,3088.88
John Wilson 4621,employee4621@example.com,3090.25
David Wilson 4622,employee4622@example.com,3091.62
Sarah Wilson 4623,employee4623@example.com,3092.99
Michael Wilson 4624,employee4624@example.com,3094.36
Emily Wilson 4625,employee4625@example.com,3095.73
Daniel Wilson 4626,employee4626@example.com,3097.10
Sophia Wilson 4627,employee4627@example.com,3098.47
James Wilson 4628,employee4628@example.com,3099.84
Olivia Wilson 4629,employee4629@example.com,3101.21
William Wilson 4630,employee4630@example.com,3102.58
John Taylor 4631,employee4631@example.com,3103.95
David Taylor 4632,employee4632@example.com,3105.32
Sarah Taylor 4633,employee4633@example.com,3106.69
Michael Taylor 4634,employee4634@example.com,3108.06
Emily Taylor 4635,employee4635@example.com,3109.43
Daniel Taylor 4636,employee4636@example.com,3110.80
Sophia Taylor 4637,employee4637@example.com,3112.17
James Taylor 4638,employee4638@example.com,3113.54
Olivia Taylor 4639,employee4639@example.com,3114.91
William Taylor 4640,employee4640@example.com,3116.28
John Anderson 4641,employee4641@example.com,3117.65
David Anderson 4642,employee4642@example.com,3119.02
Sarah Anderson 4643,employee4643@example.com,3000.38
Michael Anderson 4644,employee4644@example.com,3001.75
Emily Anderson 4645,employee4645@example.com,3003.12
Daniel Anderson 4646,employee4646@example.com,3004.49
Sophia Anderson 4647,employee4647@example.com,3005.86
James Anderson 4648,employee4648@example.com,3007.23
Olivia Anderson 4649,employee4649@example.com,3008.60
William Anderson 4650,employee4650@example.com,3009.97
John Thomas 4651,employee4651@example.com,3011.34
David Thomas 4652,employee4652@example.com,3012.71
Sarah Thomas 4653,employee4653@example.com,3014.08
Michael Thomas 4654,employee4654@example.com,3015.45
Emily Thomas 4655,employee4655@example.com,3016.82
Daniel Thomas 4656,employee4656@example.com,3018.19
Sophia Thomas 4657,employee4657@example.com,3019.56
James Thomas 4658,employee4658@example.com,3020.93
Olivia Thomas 4659,employee4659@example.com,3022.30
William Thomas 4660,employee4660@example.com,3023.67
John Jackson 4661,employee4661@example.com,3025.04
David Jackson 4662,employee4662@example.com,3026.41
Sarah Jackson 4663,employee4663@example.com,3027.78
Michael Jackson 4664,employee4664@example.com,3029.15
Emily Jackson 4665,employee4665@example.com,3030.52
Daniel Jackson 4666,employee4666@example.com,3031.89
Sophia Jackson 4667,employee4667@example.com,3033.26
James Jackson 4668,employee4668@example.com,3034.63
Olivia Jackson 4669,employee4669@example.com,3036.00
William Jackson 4670,employee4670@example.com,3037.37
John White 4671,employee4671@example.com,3038.74
David White 4672,employee4672@example.com,3040.11
Sarah White 4673,employee4673@example.com,3041.48
Michael White 4674,employee4674@example.com,3042.85
Emily White 4675,employee4675@example.com,3044.22
Daniel White 4676,employee4676@example.com,3045.59
Sophia White 4677,employee4677@example.com,3046.96
James White 4678,employee4678@example.com,3048.33
Olivia White 4679,employee4679@example.com,3049.70
William White 4680,employee4680@example.com,3051.07
John Harris 4681,employee4681@example.com,3052.44
David Harris 4682,employee4682@example.com,3053.81
Sarah Harris 4683,employee4683@example.com,3055.18
Michael Harris 4684,employee4684@example.com,3056.55
Emily Harris 4685,employee4685@example.com,3057.92
Daniel Harris 4686,employee4686@example.com,3059.29
Sophia Harris 4687,employee4687@example.com,3060.66
James Harris 4688,employee4688@example.com,3062.03
Olivia Harris 4689,employee4689@example.com,3063.40
William Harris 4690,employee4690@example.com,3064.77
John Martin 4691,employee4691@example.com,3066.14
David Martin 4692,employee4692@example.com,3067.51
Sarah Martin 4693,employee4693@example.com,3068.88
Michael Martin 4694,employee4694@example.com,3070.25
Emily Martin 4695,employee4695@example.com,3071.62
Daniel Martin 4696,employee4696@example.com,3072.99
Sophia Martin 4697,employee4697@example.com,3074.36
James Martin 4698,employee4698@example.com,3075.73
Olivia Martin 4699,employee4699@example.com,3077.10
William Martin 4700,employee4700@example.com,3078.47
John Smith 4701,employee4701@example.com,3079.84
David Smith 4702,employee4702@example.com,3081.21
Sarah Smith 4703,employee4703@example.com,3082.58
Michael Smith 4704,employee4704@example.com,3083.95
Emily Smith 4705,employee4705@example.com,3085.32
Daniel Smith 4706,employee4706@example.com,3086.69
Sophia Smith 4707,employee4707@example.com,3088.06
James Smith 4708,employee4708@example.com,3089.43
Olivia Smith 4709,employee4709@example.com,3090.80
William Smith 4710,employee4710@example.com,3092.17
John Brown 4711,employee4711@example.com,3093.54
David Brown 4712,employee4712@example.com,3094.91
Sarah Brown 4713,employee4713@example.com,3096.28
Michael Brown 4714,employee4714@example.com,3097.65
Emily Brown 4715,employee4715@example.com,3099.02
Daniel Brown 4716,employee4716@example.com,3100.39
Sophia Brown 4717,employee4717@example.com,3101.76
James Brown 4718,employee4718@example.com,3103.13
Olivia Brown 4719,employee4719@example.com,3104.50
William Brown 4720,employee4720@example.com,3105.87
John Wilson 4721,employee4721@example.com,3107.24
David Wilson 4722,employee4722@example.com,3108.61
Sarah Wilson 4723,employee4723@example.com,3109.98
Michael Wilson 4724,employee4724@example.com,3111.35
Emily Wilson 4725,employee4725@example.com,3112.72
Daniel Wilson 4726,employee4726@example.com,3114.09
Sophia Wilson 4727,employee4727@example.com,3115.46
James Wilson 4728,employee4728@example.com,3116.83
Olivia Wilson 4729,employee4729@example.com,3118.20
William Wilson 4730,employee4730@example.com,3119.57
John Taylor 4731,employee4731@example.com,3000.93
David Taylor 4732,employee4732@example.com,3002.30
Sarah Taylor 4733,employee4733@example.com,3003.67
Michael Taylor 4734,employee4734@example.com,3005.04
Emily Taylor 4735,employee4735@example.com,3006.41
Daniel Taylor 4736,employee4736@example.com,3007.78
Sophia Taylor 4737,employee4737@example.com,3009.15
James Taylor 4738,employee4738@example.com,3010.52
Olivia Taylor 4739,employee4739@example.com,3011.89
William Taylor 4740,employee4740@example.com,3013.26
John Anderson 4741,employee4741@example.com,3014.63
David Anderson 4742,employee4742@example.com,3016.00
Sarah Anderson 4743,employee4743@example.com,3017.37
Michael Anderson 4744,employee4744@example.com,3018.74
Emily Anderson 4745,employee4745@example.com,3020.11
Daniel Anderson 4746,employee4746@example.com,3021.48
Sophia Anderson 4747,employee4747@example.com,3022.85
James Anderson 4748,employee4748@example.com,3024.22
Olivia Anderson 4749,employee4749@example.com,3025.59
William Anderson 4750,employee4750@example.com,3026.96
John Thomas 4751,employee4751@example.com,3028.33
David Thomas 4752,employee4752@example.com,3029.70
Sarah Thomas 4753,employee4753@example.com,3031.07
Michael Thomas 4754,employee4754@example.com,3032.44
Emily Thomas 4755,employee4755@example.com,3033.81
Daniel Thomas 4756,employee4756@example.com,3035.18
Sophia Thomas 4757,employee4757@example.com,3036.55
James Thomas 4758,employee4758@example.com,3037.92
Olivia Thomas 4759,employee4759@example.com,3039.29
William Thomas 4760,employee4760@example.com,3040.66
John Jackson 4761,employee4761@example.com,3042.03
David Jackson 4762,employee4762@example.com,3043.40
Sarah Jackson 4763,employee4763@example.com,3044.77
Michael Jackson 4764,employee4764@example.com,3046.14
Emily Jackson 4765,employee4765@example.com,3047.51
Daniel Jackson 4766,employee4766@example.com,3048.88
Sophia Jackson 4767,employee4767@example.com,3050.25
James Jackson 4768,employee4768@example.com,3051.62
Olivia Jackson 4769,employee4769@example.com,3052.99
William Jackson 4770,employee4770@example.com,3054.36
John White 4771,employee4771@example.com,3055.73
David White 4772,employee4772@example.com,3057.10
Sarah White 4773,employee4773@example.com,3058.47
Michael White 4774,employee4774@example.com,3059.84
Emily White 4775,employee4775@example.com,3061.21
Daniel White 4776,employee4776@example.com,3062.58
Sophia White 4777,employee4777@example.com,3063.95
James White 4778,employee4778@example.com,3065.32
Olivia White 4779,employee4779@example.com,3066.69
William White 4780,employee4780@example.com,3068.06
John Harris 4781,employee4781@example.com,3069.43
David Harris 4782,employee4782@example.com,3070.80
Sarah Harris 4783,employee4783@example.com,3072.17
Michael Harris 4784,employee4784@example.com,3073.54
Emily Harris 4785,employee4785@example.com,3074.91
Daniel Harris 4786,employee4786@example.com,3076.28
Sophia Harris 4787,employee4787@example.com,3077.65
James Harris 4788,employee4788@example.com,3079.02
Olivia Harris 4789,employee4789@example.com,3080.39
William Harris 4790,employee4790@example.com,3081.76
John Martin 4791,employee4791@example.com,3083.13
David Martin 4792,employee4792@example.com,3084.50
Sarah Martin 4793,employee4793@example.com,3085.87
Michael Martin 4794,employee4794@example.com,3087.24
Emily Martin 4795,employee4795@example.com,3088.61
Daniel Martin 4796,employee4796@example.com,3089.98
Sophia Martin 4797,employee4797@example.com,3091.35
James Martin 4798,employee4798@example.com,3092.72
Olivia Martin 4799,employee4799@example.com,3094.09
William Martin 4800,employee4800@example.com,3095.46
John Smith 4801,employee4801@example.com,3096.83
David Smith 4802,employee4802@example.com,3098.20
Sarah Smith 4803,employee4803@example.com,3099.57
Michael Smith 4804,employee4804@example.com,3100.94
Emily Smith 4805,employee4805@example.com,3102.31
Daniel Smith 4806,employee4806@example.com,3103.68
Sophia Smith 4807,employee4807@example.com,3105.05
James Smith 4808,employee4808@example.com,3106.42
Olivia Smith 4809,employee4809@example.com,3107.79
William Smith 4810,employee4810@example.com,3109.16
John Brown 4811,employee4811@example.com,3110.53
David Brown 4812,employee4812@example.com,3111.90
Sarah Brown 4813,employee4813@example.com,3113.27
Michael Brown 4814,employee4814@example.com,3114.64
Emily Brown 4815,employee4815@example.com,3116.01
Daniel Brown 4816,employee4816@example.com,3117.38
Sophia Brown 4817,employee4817@example.com,3118.75
James Brown 4818,employee4818@example.com,3000.11
Olivia Brown 4819,employee4819@example.com,3001.48
William Brown 4820,employee4820@example.com,3002.85
John Wilson 4821,employee4821@example.com,3004.22
David Wilson 4822,employee4822@example.com,3005.59
Sarah Wilson 4823,employee4823@example.com,3006.96
Michael Wilson 4824,employee4824@example.com,3008.33
Emily Wilson 4825,employee4825@example.com,3009.70
Daniel Wilson 4826,employee4826@example.com,3011.07
Sophia Wilson 4827,employee4827@example.com,3012.44
James Wilson 4828,employee4828@example.com,3013.81
Olivia Wilson 4829,employee4829@example.com,3015.18
William Wilson 4830,employee4830@example.com,3016.55
John Taylor 4831,employee4831@example.com,3017.92
David Taylor 4832,employee4832@example.com,3019.29
Sarah Taylor 4833,employee4833@example.com,3020.66
Michael Taylor 4834,employee4834@example.com,3022.03
Emily Taylor 4835,employee4835@example.com,3023.40
Daniel Taylor 4836,employee4836@example.com,3024.77
Sophia Taylor 4837,employee4837@example.com,3026.14
James Taylor 4838,employee4838@example.com,3027.51
Olivia Taylor 4839,employee4839@example.com,3028.88
William Taylor 4840,employee4840@example.com,3030.25
John Anderson 4841,employee4841@example.com,3031.62
David Anderson 4842,employee4842@example.com,3032.99
Sarah Anderson 4843,employee4843@example.com,3034.36
Michael Anderson 4844,employee4844@example.com,3035.73
Emily Anderson 4845,employee4845@example.com,3037.10
Daniel Anderson 4846,employee4846@example.com,3038.47
Sophia Anderson 4847,employee4847@example.com,3039.84
James Anderson 4848,employee4848@example.com,3041.21
Olivia Anderson 4849,employee4849@example.com,3042.58
William Anderson 4850,employee4850@example.com,3043.95
John Thomas 4851,employee4851@example.com,3045.32
David Thomas 4852,employee4852@example.com,3046.69
Sarah Thomas 4853,employee4853@example.com,3048.06
Michael Thomas 4854,employee4854@example.com,3049.43
Emily Thomas 4855,employee4855@example.com,3050.80
Daniel Thomas 4856,employee4856@example.com,3052.17
Sophia Thomas 4857,employee4857@example.com,3053.54
James Thomas 4858,employee4858@example.com,3054.91
Olivia Thomas 4859,employee4859@example.com,3056.28
William Thomas 4860,employee4860@example.com,3057.65
John Jackson 4861,employee4861@example.com,3059.02
David Jackson 4862,employee4862@example.com,3060.39
Sarah Jackson 4863,employee4863@example.com,3061.76
Michael Jackson 4864,employee4864@example.com,3063.13
Emily Jackson 4865,employee4865@example.com,3064.50
Daniel Jackson 4866,employee4866@example.com,3065.87
Sophia Jackson 4867,employee4867@example.com,3067.24
James Jackson 4868,employee4868@example.com,3068.61
Olivia Jackson 4869,employee4869@example.com,3069.98
William Jackson 4870,employee4870@example.com,3071.35
John White 4871,employee4871@example.com,3072.72
David White 4872,employee4872@example.com,3074.09
Sarah White 4873,employee4873@example.com,3075.46
Michael White 4874,employee4874@example.com,3076.83
Emily White 4875,employee4875@example.com,3078.20
Daniel White 4876,employee4876@example.com,3079.57
Sophia White 4877,employee4877@example.com,3080.94
James White 4878,employee4878@example.com,3082.31
Olivia White 4879,employee4879@example.com,3083.68
William White 4880,employee4880@example.com,3085.05
John Harris 4881,employee4881@example.com,3086.42
David Harris 4882,employee4882@example.com,3087.79
Sarah Harris 4883,employee4883@example.com,3089.16
Michael Harris 4884,employee4884@example.com,3090.53
Emily Harris 4885,employee4885@example.com,3091.90
Daniel Harris 4886,employee4886@example.com,3093.27
Sophia Harris 4887,employee4887@example.com,3094.64
James Harris 4888,employee4888@example.com,3096.01
Olivia Harris 4889,employee4889@example.com,3097.38
William Harris 4890,employee4890@example.com,3098.75
John Martin 4891,employee4891@example.com,3100.12
David Martin 4892,employee4892@example.com,3101.49
Sarah Martin 4893,employee4893@example.com,3102.86
Michael Martin 4894,employee4894@example.com,3104.23
Emily Martin 4895,employee4895@example.com,3105.60
Daniel Martin 4896,employee4896@example.com,3106.97
Sophia Martin 4897,employee4897@example.com,3108.34
James Martin 4898,employee4898@example.com,3109.71
Olivia Martin 4899,employee4899@example.com,3111.08
William Martin 4900,employee4900@example.com,3112.45
John Smith 4901,employee4901@example.com,3113.82
David Smith 4902,employee4902@example.com,3115.19
Sarah Smith 4903,employee4903@example.com,3116.56
Michael Smith 4904,employee4904@example.com,3117.93
Emily Smith 4905,employee4905@example.com,3119.30
Daniel Smith 4906,employee4906@example.com,3000.66
Sophia Smith 4907,employee4907@example.com,3002.03
James Smith 4908,employee4908@example.com,3003.40
Olivia Smith 4909,employee4909@example.com,3004.77
William Smith 4910,employee4910@example.com,3006.14
John Brown 4911,employee4911@example.com,3007.51
David Brown 4912,employee4912@example.com,3008.88
Sarah Brown 4913,employee4913@example.com,3010.25
Michael Brown 4914,employee4914@example.com,3011.62
Emily Brown 4915,employee4915@example.com,3012.99
Daniel Brown 4916,employee4916@example.com,3014.36
Sophia Brown 4917,employee4917@example.com,3015.73
James Brown 4918,employee4918@example.com,3017.10
Olivia Brown 4919,employee4919@example.com,3018.47
William Brown 4920,employee4920@example.com,3019.84
John Wilson 4921,employee4921@example.com,3021.21
David Wilson 4922,employee4922@example.com,3022.58
Sarah Wilson 4923,employee4923@example.com,3023.95
Michael Wilson 4924,employee4924@example.com,3025.32
Emily Wilson 4925,employee4925@example.com,3026.69
Daniel Wilson 4926,employee4926@example.com,3028.06
Sophia Wilson 4927,employee4927@example.com,3029.43
James Wilson 4928,employee4928@example.com,3030.80
Olivia Wilson 4929,employee4929@example.com,3032.17
William Wilson 4930,employee4930@example.com,3033.54
John Taylor 4931,employee4931@example.com,3034.91
David Taylor 4932,employee4932@example.com,3036.28
Sarah Taylor 4933,employee4933@example.com,3037.65
Michael Taylor 4934,employee4934@example.com,3039.02
Emily Taylor 4935,employee4935@example.com,3040.39
Daniel Taylor 4936,employee4936@example.com,3041.76
Sophia Taylor 4937,employee4937@example.com,3043.13
James Taylor 4938,employee4938@example.com,3044.50
Olivia Taylor 4939,employee4939@example.com,3045.87
William Taylor 4940,employee4940@example.com,3047.24
John Anderson 4941,employee4941@example.com,3048.61
David Anderson 4942,employee4942@example.com,3049.98
Sarah Anderson 4943,employee4943@example.com,3051.35
Michael Anderson 4944,employee4944@example.com,3052.72
Emily Anderson 4945,employee4945@example.com,3054.09
Daniel Anderson 4946,employee4946@example.com,3055.46
Sophia Anderson 4947,employee4947@example.com,3056.83
James Anderson 4948,employee4948@example.com,3058.20
Olivia Anderson 4949,employee4949@example.com,3059.57
William Anderson 4950,employee4950@example.com,3060.94
John Thomas 4951,employee4951@example.com,3062.31
David Thomas 4952,employee4952@example.com,3063.68
Sarah Thomas 4953,employee4953@example.com,3065.05
Michael Thomas 4954,employee4954@example.com,3066.42
Emily Thomas 4955,employee4955@example.com,3067.79
Daniel Thomas 4956,employee4956@example.com,3069.16
Sophia Thomas 4957,employee4957@example.com,3070.53
James Thomas 4958,employee4958@example.com,3071.90
Olivia Thomas 4959,employee4959@example.com,3073.27
William Thomas 4960,employee4960@example.com,3074.64
John Jackson 4961,employee4961@example.com,3076.01
David Jackson 4962,employee4962@example.com,3077.38
Sarah Jackson 4963,employee4963@example.com,3078.75
Michael Jackson 4964,employee4964@example.com,3080.12
Emily Jackson 4965,employee4965@example.com,3081.49
Daniel Jackson 4966,employee4966@example.com,3082.86
Sophia Jackson 4967,employee4967@example.com,3084.23
James Jackson 4968,employee4968@example.com,3085.60
Olivia Jackson 4969,employee4969@example.com,3086.97
William Jackson 4970,employee4970@example.com,3088.34
John White 4971,employee4971@example.com,3089.71
David White 4972,employee4972@example.com,3091.08
Sarah White 4973,employee4973@example.com,3092.45
Michael White 4974,employee4974@example.com,3093.82
Emily White 4975,employee4975@example.com,3095.19
Daniel White 4976,employee4976@example.com,3096.56
Sophia White 4977,employee4977@example.com,3097.93
James White 4978,employee4978@example.com,3099.30
Olivia White 4979,employee4979@example.com,3100.67
William White 4980,employee4980@example.com,3102.04
John Harris 4981,employee4981@example.com,3103.41
David Harris 4982,employee4982@example.com,3104.78
Sarah Harris 4983,employee4983@example.com,3106.15
Michael Harris 4984,employee4984@example.com,3107.52
Emily Harris 4985,employee4985@example.com,3108.89
Daniel Harris 4986,employee4986@example.com,3110.26
Sophia Harris 4987,employee4987@example.com,3111.63
James Harris 4988,employee4988@example.com,3113.00
Olivia Harris 4989,employee4989@example.com,3114.37
William Harris 4990,employee4990@example.com,3115.74
John Martin 4991,employee4991@example.com,3117.11
David Martin 4992,employee4992@example.com,3118.48
Sarah Martin 4993,employee4993@example.com,3119.85
Michael Martin 4994,employee4994@example.com,3001.21
Emily Martin 4995,employee4995@example.com,3002.58
Daniel Martin 4996,employee4996@example.com,3003.95
Sophia Martin 4997,employee4997@example.com,3005.32
James Martin 4998,employee4998@example.com,3006.69
Olivia Martin 4999,employee4999@example.com,3008.06
William Martin 5000,employee5000@example.com,3009.43
